seed,topology,d_B,task,tau,capacity
0,parallel,64,stm_linear,0,0.9764034249101653
0,parallel,64,stm_linear,1,0.9992273287594696
0,parallel,64,stm_linear,2,0.9986779225744392
0,parallel,64,stm_linear,3,0.9969656454359053
0,parallel,64,stm_linear,4,0.9902562790956401
0,parallel,64,stm_linear,5,0.9850873743039463
0,parallel,64,stm_linear,6,0.9745409274128095
0,parallel,64,stm_linear,7,0.9588184106115668
0,parallel,64,stm_linear,8,0.9539136605386564
0,parallel,64,stm_linear,9,0.9030520328400132
0,parallel,64,stm_linear,10,0.8803146796650039
0,parallel,64,stm_linear,11,0.7656561643120087
0,parallel,64,stm_linear,12,0.5679590220957805
0,parallel,64,stm_linear,13,0.5633601746628996
0,parallel,64,stm_linear,14,0.498578050905242
0,parallel,64,stm_linear,15,0.4766860169665575
0,parallel,64,stm_linear,16,0.3398328291347514
0,parallel,64,stm_linear,17,0.20846460604998404
0,parallel,64,stm_linear,18,0.22188971618143616
0,parallel,64,stm_linear,19,0.03600628848134494
0,parallel,64,stm_linear,20,0.10745223564234337
0,parallel,64,stm_linear,21,0.026051668416788448
0,parallel,64,stm_linear,22,0.058183567678214664
0,parallel,64,stm_linear,23,0.015174381102633454
0,parallel,64,stm_linear,24,0.010461175839612315
0,parallel,64,stm_linear,25,0.00930855193319978
0,parallel,64,stm_linear,26,0.0010899714681176119
0,parallel,64,stm_linear,27,0.00131316011677356
0,parallel,64,stm_linear,28,2.1437827998214844e-05
0,parallel,64,stm_linear,29,0.00018131688036861104
0,parallel,64,stm_linear,30,0.003947582738893565
0,parallel,64,stm_linear,31,0.00027884266105120565
0,parallel,64,stm_linear,32,0.0001528157308864495
0,parallel,64,stm_linear,33,0.0017381428787039094
0,parallel,64,stm_linear,34,3.774558607339555e-05
0,parallel,64,stm_linear,35,0.003803939844467172
0,parallel,64,stm_linear,36,0.00577656757472098
0,parallel,64,stm_linear,37,0.003389849421901738
0,parallel,64,stm_linear,38,0.0001902243750469365
0,parallel,64,stm_linear,39,0.0010197467633476288
0,parallel,64,stm_linear,40,0.001403968587699049
0,parallel,64,stm_linear,41,0.001039874818153047
0,parallel,64,stm_linear,42,0.000608828216926356
0,parallel,64,stm_linear,43,3.956304698718607e-07
0,parallel,64,stm_linear,44,2.7741130295455443e-05
0,parallel,64,stm_linear,45,0.0002208521715774804
0,parallel,64,stm_linear,46,0.0012066588382731343
0,parallel,64,stm_linear,47,0.0002442322428031423
0,parallel,64,stm_linear,48,0.0024835398048549586
0,parallel,64,stm_linear,49,0.00019125532476956948
0,parallel,64,stm_linear,50,0.0011274227068462058
0,parallel,64,s10_x_s20,-1,0.39263538301914164
1,parallel,64,stm_linear,0,0.9605241612369698
1,parallel,64,stm_linear,1,0.9988824503293778
1,parallel,64,stm_linear,2,0.9969141062027872
1,parallel,64,stm_linear,3,0.9897652441460204
1,parallel,64,stm_linear,4,0.9819911054960306
1,parallel,64,stm_linear,5,0.9692502339764069
1,parallel,64,stm_linear,6,0.9687279913166631
1,parallel,64,stm_linear,7,0.918205657334676
1,parallel,64,stm_linear,8,0.9244726174359339
1,parallel,64,stm_linear,9,0.919786659720012
1,parallel,64,stm_linear,10,0.8641122549583125
1,parallel,64,stm_linear,11,0.780123916302969
1,parallel,64,stm_linear,12,0.7295648464502101
1,parallel,64,stm_linear,13,0.6874048339446034
1,parallel,64,stm_linear,14,0.6206184989569875
1,parallel,64,stm_linear,15,0.5673716800068369
1,parallel,64,stm_linear,16,0.3518773850637633
1,parallel,64,stm_linear,17,0.30198203114519295
1,parallel,64,stm_linear,18,0.34834433283344957
1,parallel,64,stm_linear,19,0.14983335282454682
1,parallel,64,stm_linear,20,0.1416003779235865
1,parallel,64,stm_linear,21,0.08982496527913729
1,parallel,64,stm_linear,22,0.03385374934373847
1,parallel,64,stm_linear,23,0.019181364101880292
1,parallel,64,stm_linear,24,0.003206532786672173
1,parallel,64,stm_linear,25,0.012377649091536554
1,parallel,64,stm_linear,26,0.0013144578270769156
1,parallel,64,stm_linear,27,0.00097735513853338
1,parallel,64,stm_linear,28,0.0009893298531228043
1,parallel,64,stm_linear,29,2.74782858236269e-06
1,parallel,64,stm_linear,30,0.0003913570191440125
1,parallel,64,stm_linear,31,0.00039685942059644087
1,parallel,64,stm_linear,32,0.0008845905185840827
1,parallel,64,stm_linear,33,0.0004420216309164538
1,parallel,64,stm_linear,34,0.0002080276075468945
1,parallel,64,stm_linear,35,0.0008746262140524551
1,parallel,64,stm_linear,36,0.00033230920768912965
1,parallel,64,stm_linear,37,0.0028323966663180095
1,parallel,64,stm_linear,38,2.0085500587740132e-05
1,parallel,64,stm_linear,39,5.456701162936481e-05
1,parallel,64,stm_linear,40,0.0028808630898503698
1,parallel,64,stm_linear,41,0.001452698881819271
1,parallel,64,stm_linear,42,0.00030318904558618754
1,parallel,64,stm_linear,43,0.0002995863710068378
1,parallel,64,stm_linear,44,9.642088800943243e-06
1,parallel,64,stm_linear,45,0.0002511934578873461
1,parallel,64,stm_linear,46,0.004183688293023431
1,parallel,64,stm_linear,47,2.2469323435840262e-05
1,parallel,64,stm_linear,48,2.3424215765866702e-05
1,parallel,64,stm_linear,49,0.003071563690871923
1,parallel,64,stm_linear,50,0.003441368311645746
1,parallel,64,s10_x_s20,-1,0.45346059465689476
2,parallel,64,stm_linear,0,0.9509834436329286
2,parallel,64,stm_linear,1,0.9979900709322092
2,parallel,64,stm_linear,2,0.9963830590304551
2,parallel,64,stm_linear,3,0.9897403928791689
2,parallel,64,stm_linear,4,0.9802013664436269
2,parallel,64,stm_linear,5,0.9769510216334456
2,parallel,64,stm_linear,6,0.9742540807014739
2,parallel,64,stm_linear,7,0.9234139136884201
2,parallel,64,stm_linear,8,0.9297219275714302
2,parallel,64,stm_linear,9,0.9264225338100854
2,parallel,64,stm_linear,10,0.8711952685477321
2,parallel,64,stm_linear,11,0.8033723011002415
2,parallel,64,stm_linear,12,0.7448448423968015
2,parallel,64,stm_linear,13,0.7388838020184764
2,parallel,64,stm_linear,14,0.6470683408560272
2,parallel,64,stm_linear,15,0.6175380282219033
2,parallel,64,stm_linear,16,0.41859682234887186
2,parallel,64,stm_linear,17,0.4042769096803453
2,parallel,64,stm_linear,18,0.26289834250413413
2,parallel,64,stm_linear,19,0.09031023328609591
2,parallel,64,stm_linear,20,0.23819322176282015
2,parallel,64,stm_linear,21,0.07454710326573072
2,parallel,64,stm_linear,22,0.04121955708514894
2,parallel,64,stm_linear,23,0.017470122558943736
2,parallel,64,stm_linear,24,0.028351565670069447
2,parallel,64,stm_linear,25,0.009171375886793735
2,parallel,64,stm_linear,26,0.0054476987613553875
2,parallel,64,stm_linear,27,0.007660632937556474
2,parallel,64,stm_linear,28,0.01187622033587652
2,parallel,64,stm_linear,29,7.236440809503448e-05
2,parallel,64,stm_linear,30,0.003312356488242791
2,parallel,64,stm_linear,31,0.0016874833965301655
2,parallel,64,stm_linear,32,0.002650535388102433
2,parallel,64,stm_linear,33,0.0003880050260588513
2,parallel,64,stm_linear,34,0.001449706287015718
2,parallel,64,stm_linear,35,1.1961039979192311e-05
2,parallel,64,stm_linear,36,0.0002468342073813779
2,parallel,64,stm_linear,37,3.083685725323633e-05
2,parallel,64,stm_linear,38,0.00014473919396015426
2,parallel,64,stm_linear,39,0.0007396898932923413
2,parallel,64,stm_linear,40,0.0007802489929822868
2,parallel,64,stm_linear,41,0.001674832955249324
2,parallel,64,stm_linear,42,0.0007302173138172968
2,parallel,64,stm_linear,43,0.00016216593999226987
2,parallel,64,stm_linear,44,1.745349476407193e-05
2,parallel,64,stm_linear,45,0.00026712683742574595
2,parallel,64,stm_linear,46,3.716020093923423e-05
2,parallel,64,stm_linear,47,0.0005245582224875019
2,parallel,64,stm_linear,48,0.00014150665428517775
2,parallel,64,stm_linear,49,1.2142273805986656e-07
2,parallel,64,stm_linear,50,0.0005130935445733367
2,parallel,64,s10_x_s20,-1,0.4842342129950513
3,parallel,64,stm_linear,0,0.9544953633596136
3,parallel,64,stm_linear,1,0.9980313237698301
3,parallel,64,stm_linear,2,0.9980627767222668
3,parallel,64,stm_linear,3,0.9896186234214243
3,parallel,64,stm_linear,4,0.9748442951126691
3,parallel,64,stm_linear,5,0.9810826421028811
3,parallel,64,stm_linear,6,0.971076111249986
3,parallel,64,stm_linear,7,0.9173231887985447
3,parallel,64,stm_linear,8,0.916086072883007
3,parallel,64,stm_linear,9,0.9028865803274911
3,parallel,64,stm_linear,10,0.8868332462953781
3,parallel,64,stm_linear,11,0.8096971766900465
3,parallel,64,stm_linear,12,0.7940616083179176
3,parallel,64,stm_linear,13,0.721239689439713
3,parallel,64,stm_linear,14,0.544182169028443
3,parallel,64,stm_linear,15,0.5368672780094764
3,parallel,64,stm_linear,16,0.3875769514937048
3,parallel,64,stm_linear,17,0.39051521301439523
3,parallel,64,stm_linear,18,0.2767490430256854
3,parallel,64,stm_linear,19,0.15410178721025058
3,parallel,64,stm_linear,20,0.14576081074108072
3,parallel,64,stm_linear,21,0.08070910398210468
3,parallel,64,stm_linear,22,0.08841561397138985
3,parallel,64,stm_linear,23,0.028491941137607755
3,parallel,64,stm_linear,24,0.010888446734087768
3,parallel,64,stm_linear,25,0.011103506411509648
3,parallel,64,stm_linear,26,0.003232308805691625
3,parallel,64,stm_linear,27,0.0029142789175530892
3,parallel,64,stm_linear,28,0.0019352187403583662
3,parallel,64,stm_linear,29,0.005992956872896079
3,parallel,64,stm_linear,30,0.0022471376108792584
3,parallel,64,stm_linear,31,0.011165737476949782
3,parallel,64,stm_linear,32,0.00015071683430812623
3,parallel,64,stm_linear,33,0.001911445526381184
3,parallel,64,stm_linear,34,7.414933872831794e-06
3,parallel,64,stm_linear,35,0.0008382628628793552
3,parallel,64,stm_linear,36,0.00010065834770657589
3,parallel,64,stm_linear,37,0.0015864363640301525
3,parallel,64,stm_linear,38,0.0007225487045169884
3,parallel,64,stm_linear,39,2.4020103298910997e-05
3,parallel,64,stm_linear,40,0.0019084548819210433
3,parallel,64,stm_linear,41,2.2776954855788867e-06
3,parallel,64,stm_linear,42,6.32319086252251e-07
3,parallel,64,stm_linear,43,1.6006669411527836e-05
3,parallel,64,stm_linear,44,0.001997998472329992
3,parallel,64,stm_linear,45,0.0002000370488561812
3,parallel,64,stm_linear,46,4.176485880584138e-05
3,parallel,64,stm_linear,47,0.005660016643683668
3,parallel,64,stm_linear,48,3.1612019131144917e-06
3,parallel,64,stm_linear,49,8.142965951445754e-05
3,parallel,64,stm_linear,50,2.2594583309865837e-05
3,parallel,64,s10_x_s20,-1,0.44399695204235345
4,parallel,64,stm_linear,0,0.9648472333540813
4,parallel,64,stm_linear,1,0.9984921761846169
4,parallel,64,stm_linear,2,0.998332705762577
4,parallel,64,stm_linear,3,0.9929886886472965
4,parallel,64,stm_linear,4,0.9827187123605947
4,parallel,64,stm_linear,5,0.9829659799530879
4,parallel,64,stm_linear,6,0.9760225134585017
4,parallel,64,stm_linear,7,0.944733963748962
4,parallel,64,stm_linear,8,0.9412810369300808
4,parallel,64,stm_linear,9,0.8934752749321392
4,parallel,64,stm_linear,10,0.8851393381899753
4,parallel,64,stm_linear,11,0.8133873770790918
4,parallel,64,stm_linear,12,0.7658979054307213
4,parallel,64,stm_linear,13,0.6815319323148329
4,parallel,64,stm_linear,14,0.5527614456416113
4,parallel,64,stm_linear,15,0.4905083485938926
4,parallel,64,stm_linear,16,0.2654895117678737
4,parallel,64,stm_linear,17,0.33169987163408376
4,parallel,64,stm_linear,18,0.12694503139410412
4,parallel,64,stm_linear,19,0.12841997063570107
4,parallel,64,stm_linear,20,0.11092807849848008
4,parallel,64,stm_linear,21,0.024865211898269252
4,parallel,64,stm_linear,22,0.035170650184173036
4,parallel,64,stm_linear,23,0.013856941342645885
4,parallel,64,stm_linear,24,0.01112315234999882
4,parallel,64,stm_linear,25,0.015260599473176683
4,parallel,64,stm_linear,26,0.001804558807011209
4,parallel,64,stm_linear,27,0.0003843528314494709
4,parallel,64,stm_linear,28,0.0009746979016016089
4,parallel,64,stm_linear,29,0.0001259245357000753
4,parallel,64,stm_linear,30,0.0007516610551668447
4,parallel,64,stm_linear,31,2.014818966555836e-05
4,parallel,64,stm_linear,32,0.0022652639875131394
4,parallel,64,stm_linear,33,0.0009879476653915497
4,parallel,64,stm_linear,34,0.0006775231364004322
4,parallel,64,stm_linear,35,0.0002593155534632263
4,parallel,64,stm_linear,36,1.6617688731871242e-06
4,parallel,64,stm_linear,37,0.0002419501230783015
4,parallel,64,stm_linear,38,7.204075906235957e-05
4,parallel,64,stm_linear,39,1.4519310758105883e-06
4,parallel,64,stm_linear,40,4.068673783873176e-06
4,parallel,64,stm_linear,41,0.0001131830683992064
4,parallel,64,stm_linear,42,2.0178951706970402e-05
4,parallel,64,stm_linear,43,0.00039629144546332584
4,parallel,64,stm_linear,44,0.0016195300182833662
4,parallel,64,stm_linear,45,1.7991694556751707e-07
4,parallel,64,stm_linear,46,0.0003063115684823141
4,parallel,64,stm_linear,47,0.00016922778178435338
4,parallel,64,stm_linear,48,0.0008462185170402546
4,parallel,64,stm_linear,49,4.868471103517807e-06
4,parallel,64,stm_linear,50,0.0004165755902600047
4,parallel,64,s10_x_s20,-1,0.4122703504340373
5,parallel,64,stm_linear,0,0.9349881479852853
5,parallel,64,stm_linear,1,0.9978548224832683
5,parallel,64,stm_linear,2,0.9974883850554284
5,parallel,64,stm_linear,3,0.9907713680062834
5,parallel,64,stm_linear,4,0.9795333544958548
5,parallel,64,stm_linear,5,0.9708089966918072
5,parallel,64,stm_linear,6,0.973369810914372
5,parallel,64,stm_linear,7,0.9220169163618983
5,parallel,64,stm_linear,8,0.9225352742603995
5,parallel,64,stm_linear,9,0.8764431887005594
5,parallel,64,stm_linear,10,0.8831309409297209
5,parallel,64,stm_linear,11,0.8451699248607729
5,parallel,64,stm_linear,12,0.6217487391170409
5,parallel,64,stm_linear,13,0.6837870934408229
5,parallel,64,stm_linear,14,0.6233957968779751
5,parallel,64,stm_linear,15,0.5063431853606878
5,parallel,64,stm_linear,16,0.3167093074595857
5,parallel,64,stm_linear,17,0.36112068883348336
5,parallel,64,stm_linear,18,0.28802613618584216
5,parallel,64,stm_linear,19,0.14700080978947724
5,parallel,64,stm_linear,20,0.13049031527496532
5,parallel,64,stm_linear,21,0.06598663071524158
5,parallel,64,stm_linear,22,0.08645892391008603
5,parallel,64,stm_linear,23,0.05730026210723851
5,parallel,64,stm_linear,24,0.03726109633168007
5,parallel,64,stm_linear,25,0.026952679977654007
5,parallel,64,stm_linear,26,0.010993606418280314
5,parallel,64,stm_linear,27,0.006075040545762762
5,parallel,64,stm_linear,28,0.008069341950623412
5,parallel,64,stm_linear,29,0.011667828795718108
5,parallel,64,stm_linear,30,0.0054614551391659345
5,parallel,64,stm_linear,31,0.004336209484638977
5,parallel,64,stm_linear,32,0.0004016511090820348
5,parallel,64,stm_linear,33,0.011139987402271064
5,parallel,64,stm_linear,34,0.0005408693797777654
5,parallel,64,stm_linear,35,0.0004930981472460213
5,parallel,64,stm_linear,36,0.001538894416566756
5,parallel,64,stm_linear,37,0.0002409319847091406
5,parallel,64,stm_linear,38,0.002932396484830237
5,parallel,64,stm_linear,39,0.0005904268581019508
5,parallel,64,stm_linear,40,0.001943998496166147
5,parallel,64,stm_linear,41,0.0005298272366745164
5,parallel,64,stm_linear,42,0.004004089069101377
5,parallel,64,stm_linear,43,0.002751757104004011
5,parallel,64,stm_linear,44,0.0018737015036303152
5,parallel,64,stm_linear,45,0.0018546524146377818
5,parallel,64,stm_linear,46,0.00017737878842573738
5,parallel,64,stm_linear,47,0.00030658925497431343
5,parallel,64,stm_linear,48,0.00031631058596790824
5,parallel,64,stm_linear,49,0.0012690181968572358
5,parallel,64,stm_linear,50,0.0005067666736273454
5,parallel,64,s10_x_s20,-1,0.4676753085090128
6,parallel,64,stm_linear,0,0.9088760767461971
6,parallel,64,stm_linear,1,0.9976854636088811
6,parallel,64,stm_linear,2,0.9948881849968184
6,parallel,64,stm_linear,3,0.9782928507208255
6,parallel,64,stm_linear,4,0.9598456131863433
6,parallel,64,stm_linear,5,0.9559207898105573
6,parallel,64,stm_linear,6,0.9535159673568119
6,parallel,64,stm_linear,7,0.8901097324928041
6,parallel,64,stm_linear,8,0.8674885890090613
6,parallel,64,stm_linear,9,0.8896055239395452
6,parallel,64,stm_linear,10,0.8629023213406455
6,parallel,64,stm_linear,11,0.7209480065448546
6,parallel,64,stm_linear,12,0.763315684323353
6,parallel,64,stm_linear,13,0.6778608502876263
6,parallel,64,stm_linear,14,0.5539860971334891
6,parallel,64,stm_linear,15,0.5965554019762129
6,parallel,64,stm_linear,16,0.43008032690255815
6,parallel,64,stm_linear,17,0.4620860365164187
6,parallel,64,stm_linear,18,0.36092618985591274
6,parallel,64,stm_linear,19,0.20315470470935043
6,parallel,64,stm_linear,20,0.26364066807543646
6,parallel,64,stm_linear,21,0.1454508005695713
6,parallel,64,stm_linear,22,0.0705091842823551
6,parallel,64,stm_linear,23,0.06914179289343092
6,parallel,64,stm_linear,24,0.04819691141351985
6,parallel,64,stm_linear,25,0.060938932475274876
6,parallel,64,stm_linear,26,0.028641508145045753
6,parallel,64,stm_linear,27,0.028523094292224032
6,parallel,64,stm_linear,28,0.018102031260104602
6,parallel,64,stm_linear,29,0.008465717427423537
6,parallel,64,stm_linear,30,0.009278403321773852
6,parallel,64,stm_linear,31,0.0032141487557036147
6,parallel,64,stm_linear,32,0.0019028592331529737
6,parallel,64,stm_linear,33,0.0008788846569259454
6,parallel,64,stm_linear,34,0.0047492823779135135
6,parallel,64,stm_linear,35,0.004441873091039219
6,parallel,64,stm_linear,36,0.00017132133484759808
6,parallel,64,stm_linear,37,0.0008920583246836123
6,parallel,64,stm_linear,38,0.0026788643667919093
6,parallel,64,stm_linear,39,1.3608314743221041e-05
6,parallel,64,stm_linear,40,2.2353450364890788e-07
6,parallel,64,stm_linear,41,0.00013619720917788138
6,parallel,64,stm_linear,42,0.000432608428129549
6,parallel,64,stm_linear,43,8.852109764601768e-05
6,parallel,64,stm_linear,44,0.0007495540530878227
6,parallel,64,stm_linear,45,0.00023154916392066247
6,parallel,64,stm_linear,46,1.642551812822414e-05
6,parallel,64,stm_linear,47,0.0023277491457263785
6,parallel,64,stm_linear,48,0.00011827558000638571
6,parallel,64,stm_linear,49,1.0339235845602336e-05
6,parallel,64,stm_linear,50,0.00023607543104176964
6,parallel,64,s10_x_s20,-1,0.4691733271844086
7,parallel,64,stm_linear,0,0.9572100044484744
7,parallel,64,stm_linear,1,0.9984002302385628
7,parallel,64,stm_linear,2,0.997414031402194
7,parallel,64,stm_linear,3,0.9916014258408997
7,parallel,64,stm_linear,4,0.9815746144375744
7,parallel,64,stm_linear,5,0.9825070184901121
7,parallel,64,stm_linear,6,0.9623626184359562
7,parallel,64,stm_linear,7,0.9524333126838169
7,parallel,64,stm_linear,8,0.9415925118322921
7,parallel,64,stm_linear,9,0.9317119559060179
7,parallel,64,stm_linear,10,0.8849044780085202
7,parallel,64,stm_linear,11,0.8894588823743868
7,parallel,64,stm_linear,12,0.7555450979912938
7,parallel,64,stm_linear,13,0.6099606503501879
7,parallel,64,stm_linear,14,0.6263534949702511
7,parallel,64,stm_linear,15,0.5713309294928999
7,parallel,64,stm_linear,16,0.3367180876315728
7,parallel,64,stm_linear,17,0.4436239497769933
7,parallel,64,stm_linear,18,0.32131544213765917
7,parallel,64,stm_linear,19,0.17392508536987014
7,parallel,64,stm_linear,20,0.13979998952296016
7,parallel,64,stm_linear,21,0.0606242557730385
7,parallel,64,stm_linear,22,0.06467218642207803
7,parallel,64,stm_linear,23,0.029139737092292454
7,parallel,64,stm_linear,24,0.023261135000289486
7,parallel,64,stm_linear,25,0.01017801137911463
7,parallel,64,stm_linear,26,0.00443630780462125
7,parallel,64,stm_linear,27,0.0018502478580148037
7,parallel,64,stm_linear,28,0.004748561286880803
7,parallel,64,stm_linear,29,0.0011129394237798331
7,parallel,64,stm_linear,30,0.005205440774767017
7,parallel,64,stm_linear,31,0.0006439908966948009
7,parallel,64,stm_linear,32,0.0011127933480734502
7,parallel,64,stm_linear,33,0.00011031860427327573
7,parallel,64,stm_linear,34,6.746725116847198e-08
7,parallel,64,stm_linear,35,6.449365346113917e-05
7,parallel,64,stm_linear,36,0.001269723167627393
7,parallel,64,stm_linear,37,0.0008473165127114104
7,parallel,64,stm_linear,38,0.0028232802720010407
7,parallel,64,stm_linear,39,0.00010927098624918405
7,parallel,64,stm_linear,40,4.155540831613826e-05
7,parallel,64,stm_linear,41,6.960283841354249e-05
7,parallel,64,stm_linear,42,0.00011845983530475534
7,parallel,64,stm_linear,43,0.0016673810890026172
7,parallel,64,stm_linear,44,4.11898760545274e-06
7,parallel,64,stm_linear,45,4.648285072426618e-06
7,parallel,64,stm_linear,46,0.0016165079109601314
7,parallel,64,stm_linear,47,0.000280330449962693
7,parallel,64,stm_linear,48,0.004006664991909511
7,parallel,64,stm_linear,49,0.00046829469203222917
7,parallel,64,stm_linear,50,2.664413836264519e-05
7,parallel,64,s10_x_s20,-1,0.41832760083086945
8,parallel,64,stm_linear,0,0.9608821810340992
8,parallel,64,stm_linear,1,0.998678286608726
8,parallel,64,stm_linear,2,0.99683030293597
8,parallel,64,stm_linear,3,0.9908320990781436
8,parallel,64,stm_linear,4,0.97690983048807
8,parallel,64,stm_linear,5,0.982162731682527
8,parallel,64,stm_linear,6,0.9760522289335372
8,parallel,64,stm_linear,7,0.9370251282028912
8,parallel,64,stm_linear,8,0.9285548444337611
8,parallel,64,stm_linear,9,0.9313063951695756
8,parallel,64,stm_linear,10,0.903238777163882
8,parallel,64,stm_linear,11,0.821301071801575
8,parallel,64,stm_linear,12,0.7701947893067137
8,parallel,64,stm_linear,13,0.7105108307309722
8,parallel,64,stm_linear,14,0.5884702224873518
8,parallel,64,stm_linear,15,0.4704944282356122
8,parallel,64,stm_linear,16,0.31227698543561705
8,parallel,64,stm_linear,17,0.26973303163425266
8,parallel,64,stm_linear,18,0.25350639951364196
8,parallel,64,stm_linear,19,0.13579217205716992
8,parallel,64,stm_linear,20,0.14409147392713334
8,parallel,64,stm_linear,21,0.03249513986554523
8,parallel,64,stm_linear,22,0.04413568563728641
8,parallel,64,stm_linear,23,0.024581955913595372
8,parallel,64,stm_linear,24,0.020442279536962177
8,parallel,64,stm_linear,25,0.0060896013049953485
8,parallel,64,stm_linear,26,0.003248483457218546
8,parallel,64,stm_linear,27,0.0056019586003089586
8,parallel,64,stm_linear,28,0.00018952381986099684
8,parallel,64,stm_linear,29,5.869820155309362e-05
8,parallel,64,stm_linear,30,0.0006150253475778063
8,parallel,64,stm_linear,31,0.0018427899569991356
8,parallel,64,stm_linear,32,0.0005655946258611798
8,parallel,64,stm_linear,33,7.530763156769715e-05
8,parallel,64,stm_linear,34,0.00030634318635034633
8,parallel,64,stm_linear,35,0.00015451808180894566
8,parallel,64,stm_linear,36,0.0013138399334112294
8,parallel,64,stm_linear,37,0.00548630967850382
8,parallel,64,stm_linear,38,0.0018887007131628262
8,parallel,64,stm_linear,39,0.0039916172085294735
8,parallel,64,stm_linear,40,0.0010630760349130124
8,parallel,64,stm_linear,41,0.0009887989670237082
8,parallel,64,stm_linear,42,0.002218309941115889
8,parallel,64,stm_linear,43,0.00042935492464552726
8,parallel,64,stm_linear,44,0.0019953229421411415
8,parallel,64,stm_linear,45,0.000239964911683344
8,parallel,64,stm_linear,46,0.0012849538453721234
8,parallel,64,stm_linear,47,0.00196126724367183
8,parallel,64,stm_linear,48,0.0009324716054999007
8,parallel,64,stm_linear,49,0.0021228770205520635
8,parallel,64,stm_linear,50,0.0025484333890004366
8,parallel,64,s10_x_s20,-1,0.44197322830817776
9,parallel,64,stm_linear,0,0.9532640982624081
9,parallel,64,stm_linear,1,0.9983374282739923
9,parallel,64,stm_linear,2,0.9971228626052889
9,parallel,64,stm_linear,3,0.9899113111860808
9,parallel,64,stm_linear,4,0.9728222516277185
9,parallel,64,stm_linear,5,0.9747235329116919
9,parallel,64,stm_linear,6,0.9664357705046321
9,parallel,64,stm_linear,7,0.948035510338561
9,parallel,64,stm_linear,8,0.9198377036397057
9,parallel,64,stm_linear,9,0.9282482154994005
9,parallel,64,stm_linear,10,0.8880370294419387
9,parallel,64,stm_linear,11,0.839872604195107
9,parallel,64,stm_linear,12,0.7421903931858458
9,parallel,64,stm_linear,13,0.6271393608372532
9,parallel,64,stm_linear,14,0.5724335265233297
9,parallel,64,stm_linear,15,0.6041502843287827
9,parallel,64,stm_linear,16,0.4275298108669475
9,parallel,64,stm_linear,17,0.3544348352267971
9,parallel,64,stm_linear,18,0.24636501995230536
9,parallel,64,stm_linear,19,0.14225840436119888
9,parallel,64,stm_linear,20,0.11421044317953949
9,parallel,64,stm_linear,21,0.03874171775383848
9,parallel,64,stm_linear,22,0.02784082033905007
9,parallel,64,stm_linear,23,0.008384202599743968
9,parallel,64,stm_linear,24,0.0060209938861557535
9,parallel,64,stm_linear,25,0.0029126036669134114
9,parallel,64,stm_linear,26,3.613308836618929e-05
9,parallel,64,stm_linear,27,0.0007670075440655769
9,parallel,64,stm_linear,28,0.0013512849935615628
9,parallel,64,stm_linear,29,0.0013594519567851665
9,parallel,64,stm_linear,30,0.00025707745842456174
9,parallel,64,stm_linear,31,0.00036065867592808
9,parallel,64,stm_linear,32,0.0005148191541150612
9,parallel,64,stm_linear,33,8.60615393877493e-06
9,parallel,64,stm_linear,34,0.00014398145345461595
9,parallel,64,stm_linear,35,4.063803707253536e-05
9,parallel,64,stm_linear,36,0.0028194920842018723
9,parallel,64,stm_linear,37,0.00019254594340640632
9,parallel,64,stm_linear,38,0.0004503209093528764
9,parallel,64,stm_linear,39,5.027624293248424e-07
9,parallel,64,stm_linear,40,0.003937783941770785
9,parallel,64,stm_linear,41,1.1780251707230827e-05
9,parallel,64,stm_linear,42,9.895382783058322e-05
9,parallel,64,stm_linear,43,7.710843601710387e-05
9,parallel,64,stm_linear,44,0.0006772585542053346
9,parallel,64,stm_linear,45,0.00012479237094928207
9,parallel,64,stm_linear,46,0.0030524164792476
9,parallel,64,stm_linear,47,8.217687454709616e-06
9,parallel,64,stm_linear,48,7.28707356436548e-05
9,parallel,64,stm_linear,49,0.0005186707394050161
9,parallel,64,stm_linear,50,0.0004585398921551968
9,parallel,64,s10_x_s20,-1,0.44697699836367427
10,parallel,64,stm_linear,0,0.9687050320658449
10,parallel,64,stm_linear,1,0.9985389550562903
10,parallel,64,stm_linear,2,0.9990056857162578
10,parallel,64,stm_linear,3,0.9931729368602097
10,parallel,64,stm_linear,4,0.9860652098928938
10,parallel,64,stm_linear,5,0.98871232317067
10,parallel,64,stm_linear,6,0.9776783066330981
10,parallel,64,stm_linear,7,0.9546578616916043
10,parallel,64,stm_linear,8,0.9594953069949901
10,parallel,64,stm_linear,9,0.9150988864259134
10,parallel,64,stm_linear,10,0.9109295332049349
10,parallel,64,stm_linear,11,0.8473977084997323
10,parallel,64,stm_linear,12,0.8207211982450355
10,parallel,64,stm_linear,13,0.7114690519037574
10,parallel,64,stm_linear,14,0.5780258962580166
10,parallel,64,stm_linear,15,0.4600668914419679
10,parallel,64,stm_linear,16,0.3825105352510257
10,parallel,64,stm_linear,17,0.3080505437845459
10,parallel,64,stm_linear,18,0.13882245575959598
10,parallel,64,stm_linear,19,0.054236114440321975
10,parallel,64,stm_linear,20,0.08405661476212738
10,parallel,64,stm_linear,21,0.021283770820097674
10,parallel,64,stm_linear,22,0.060499219458846544
10,parallel,64,stm_linear,23,0.008401917222805129
10,parallel,64,stm_linear,24,0.014702776348523941
10,parallel,64,stm_linear,25,0.002396912963024754
10,parallel,64,stm_linear,26,0.0030778982509304252
10,parallel,64,stm_linear,27,0.0016146634546448215
10,parallel,64,stm_linear,28,0.0008765575758002989
10,parallel,64,stm_linear,29,0.0008672670479527746
10,parallel,64,stm_linear,30,0.0020030609940075955
10,parallel,64,stm_linear,31,8.959889565090443e-05
10,parallel,64,stm_linear,32,0.00044383999341232936
10,parallel,64,stm_linear,33,0.0020703255803348856
10,parallel,64,stm_linear,34,0.00010892707828913755
10,parallel,64,stm_linear,35,7.199789919618605e-06
10,parallel,64,stm_linear,36,0.0007694308848446422
10,parallel,64,stm_linear,37,0.00106266338564767
10,parallel,64,stm_linear,38,0.00016094314144658546
10,parallel,64,stm_linear,39,0.0006020311619558667
10,parallel,64,stm_linear,40,0.00027312250830117
10,parallel,64,stm_linear,41,0.0010263182620284395
10,parallel,64,stm_linear,42,0.00023712371759832345
10,parallel,64,stm_linear,43,0.0010196730000145916
10,parallel,64,stm_linear,44,0.0004641031158905398
10,parallel,64,stm_linear,45,0.003168894153109865
10,parallel,64,stm_linear,46,4.2511838904370146e-07
10,parallel,64,stm_linear,47,0.00036783097322977084
10,parallel,64,stm_linear,48,0.00033544195527224094
10,parallel,64,stm_linear,49,0.0012971141356409289
10,parallel,64,stm_linear,50,2.3750592235373858e-05
10,parallel,64,s10_x_s20,-1,0.44845378136999453
11,parallel,64,stm_linear,0,0.9630544757766165
11,parallel,64,stm_linear,1,0.9988157212303553
11,parallel,64,stm_linear,2,0.9978878334389713
11,parallel,64,stm_linear,3,0.9950415863887274
11,parallel,64,stm_linear,4,0.9842150127362628
11,parallel,64,stm_linear,5,0.9884814794091906
11,parallel,64,stm_linear,6,0.9745783445080796
11,parallel,64,stm_linear,7,0.9678985643699122
11,parallel,64,stm_linear,8,0.954105299855915
11,parallel,64,stm_linear,9,0.9472587636920987
11,parallel,64,stm_linear,10,0.9070693268837199
11,parallel,64,stm_linear,11,0.8107308402806538
11,parallel,64,stm_linear,12,0.7457498625078616
11,parallel,64,stm_linear,13,0.6415333328863985
11,parallel,64,stm_linear,14,0.48804693642290736
11,parallel,64,stm_linear,15,0.4819391203476365
11,parallel,64,stm_linear,16,0.298764529379303
11,parallel,64,stm_linear,17,0.26974841299987296
11,parallel,64,stm_linear,18,0.2452333779661058
11,parallel,64,stm_linear,19,0.17372812092207243
11,parallel,64,stm_linear,20,0.19869510662249587
11,parallel,64,stm_linear,21,0.0687867583635653
11,parallel,64,stm_linear,22,0.036556302033585106
11,parallel,64,stm_linear,23,0.02487793438952614
11,parallel,64,stm_linear,24,0.002655122548488869
11,parallel,64,stm_linear,25,0.0017966695720015354
11,parallel,64,stm_linear,26,1.9224081741046852e-07
11,parallel,64,stm_linear,27,0.0008837888439222643
11,parallel,64,stm_linear,28,0.00010880369386504362
11,parallel,64,stm_linear,29,0.00015090153550518474
11,parallel,64,stm_linear,30,0.0011652957588608927
11,parallel,64,stm_linear,31,0.0013760885680747096
11,parallel,64,stm_linear,32,9.793438544859218e-06
11,parallel,64,stm_linear,33,0.00348464189901828
11,parallel,64,stm_linear,34,4.84115534933519e-06
11,parallel,64,stm_linear,35,0.0020703334644549373
11,parallel,64,stm_linear,36,0.0010759203412894598
11,parallel,64,stm_linear,37,9.552353637394803e-07
11,parallel,64,stm_linear,38,1.7104120441663704e-06
11,parallel,64,stm_linear,39,0.0001173436782239952
11,parallel,64,stm_linear,40,0.00018128332329995153
11,parallel,64,stm_linear,41,0.0008531816561377118
11,parallel,64,stm_linear,42,1.3262567454533008e-05
11,parallel,64,stm_linear,43,5.4224650442093816e-05
11,parallel,64,stm_linear,44,0.0006059918824509421
11,parallel,64,stm_linear,45,0.0005086286720110793
11,parallel,64,stm_linear,46,9.258410546117898e-05
11,parallel,64,stm_linear,47,9.966810587851077e-05
11,parallel,64,stm_linear,48,0.00028642819153203635
11,parallel,64,stm_linear,49,0.0011488641464120501
11,parallel,64,stm_linear,50,8.709942407056384e-05
11,parallel,64,s10_x_s20,-1,0.46450449946696587
13,parallel,64,stm_linear,0,0.9782828656605245
13,parallel,64,stm_linear,1,0.999124986871109
13,parallel,64,stm_linear,2,0.9988207048088602
13,parallel,64,stm_linear,3,0.9970620385055914
13,parallel,64,stm_linear,4,0.9881457340954969
13,parallel,64,stm_linear,5,0.989053248050631
13,parallel,64,stm_linear,6,0.9791355756841132
13,parallel,64,stm_linear,7,0.9745695628022737
13,parallel,64,stm_linear,8,0.9586292067895478
13,parallel,64,stm_linear,9,0.943060593413105
13,parallel,64,stm_linear,10,0.8947411991159655
13,parallel,64,stm_linear,11,0.8478296953348392
13,parallel,64,stm_linear,12,0.7500928126373727
13,parallel,64,stm_linear,13,0.6223392949727299
13,parallel,64,stm_linear,14,0.5684068043459101
13,parallel,64,stm_linear,15,0.41900398981334547
13,parallel,64,stm_linear,16,0.24550934709899913
13,parallel,64,stm_linear,17,0.26215155089167547
13,parallel,64,stm_linear,18,0.09979803223984769
13,parallel,64,stm_linear,19,0.08762606387587105
13,parallel,64,stm_linear,20,0.05662404229388002
13,parallel,64,stm_linear,21,0.007572413146877812
13,parallel,64,stm_linear,22,0.0007972115985882585
13,parallel,64,stm_linear,23,0.0008878897923647886
13,parallel,64,stm_linear,24,0.00012545963927240123
13,parallel,64,stm_linear,25,0.0009036810594075754
13,parallel,64,stm_linear,26,3.913523242972491e-06
13,parallel,64,stm_linear,27,2.2737047907128732e-06
13,parallel,64,stm_linear,28,4.3382034469431235e-05
13,parallel,64,stm_linear,29,0.0002544649137414704
13,parallel,64,stm_linear,30,5.6536678405125386e-05
13,parallel,64,stm_linear,31,0.0013537432582803562
13,parallel,64,stm_linear,32,0.0014610060658538997
13,parallel,64,stm_linear,33,0.004610866444208154
13,parallel,64,stm_linear,34,0.0009484583473664326
13,parallel,64,stm_linear,35,0.0013912719424516175
13,parallel,64,stm_linear,36,0.001201725911131328
13,parallel,64,stm_linear,37,0.0012693197627508285
13,parallel,64,stm_linear,38,0.003084768104302497
13,parallel,64,stm_linear,39,0.0011794579473241593
13,parallel,64,stm_linear,40,0.0019318942786178176
13,parallel,64,stm_linear,41,2.0647802367267463e-05
13,parallel,64,stm_linear,42,0.003122004520143611
13,parallel,64,stm_linear,43,0.0006295389533651139
13,parallel,64,stm_linear,44,2.1385219205591936e-06
13,parallel,64,stm_linear,45,0.001388900792377871
13,parallel,64,stm_linear,46,0.0002921848623957271
13,parallel,64,stm_linear,47,0.0014353885437335431
13,parallel,64,stm_linear,48,7.579119584274468e-05
13,parallel,64,stm_linear,49,1.5234429469081849e-05
13,parallel,64,stm_linear,50,0.0005316400047417306
13,parallel,64,s10_x_s20,-1,0.38811270128550607
14,parallel,64,stm_linear,0,0.9184870985926346
14,parallel,64,stm_linear,1,0.9973166160389635
14,parallel,64,stm_linear,2,0.9946849775571127
14,parallel,64,stm_linear,3,0.98293005339124
14,parallel,64,stm_linear,4,0.9641277673230328
14,parallel,64,stm_linear,5,0.9716931817704331
14,parallel,64,stm_linear,6,0.9564383598267205
14,parallel,64,stm_linear,7,0.9328658172223104
14,parallel,64,stm_linear,8,0.9097472548471024
14,parallel,64,stm_linear,9,0.8814302676880396
14,parallel,64,stm_linear,10,0.8526004040285332
14,parallel,64,stm_linear,11,0.7455695845228015
14,parallel,64,stm_linear,12,0.7117257817557076
14,parallel,64,stm_linear,13,0.6925654075187694
14,parallel,64,stm_linear,14,0.620220139083638
14,parallel,64,stm_linear,15,0.5142394999368487
14,parallel,64,stm_linear,16,0.42897965264528354
14,parallel,64,stm_linear,17,0.3632376886415058
14,parallel,64,stm_linear,18,0.321417139181207
14,parallel,64,stm_linear,19,0.2503406711030937
14,parallel,64,stm_linear,20,0.24082299343614133
14,parallel,64,stm_linear,21,0.08982454125215793
14,parallel,64,stm_linear,22,0.0919855025207938
14,parallel,64,stm_linear,23,0.03477056238896933
14,parallel,64,stm_linear,24,0.03213166265449357
14,parallel,64,stm_linear,25,0.01436101645944334
14,parallel,64,stm_linear,26,0.014821277585792995
14,parallel,64,stm_linear,27,0.0031316177970171595
14,parallel,64,stm_linear,28,0.0010411258980411488
14,parallel,64,stm_linear,29,0.0021723205625230214
14,parallel,64,stm_linear,30,0.0005672826242984827
14,parallel,64,stm_linear,31,0.006162948006805731
14,parallel,64,stm_linear,32,6.499035751101969e-08
14,parallel,64,stm_linear,33,1.9962587016409605e-05
14,parallel,64,stm_linear,34,2.698783243893107e-05
14,parallel,64,stm_linear,35,3.482757245350214e-05
14,parallel,64,stm_linear,36,0.0013152096240324335
14,parallel,64,stm_linear,37,0.0009002952263476619
14,parallel,64,stm_linear,38,1.688117433992877e-05
14,parallel,64,stm_linear,39,0.001564292027777949
14,parallel,64,stm_linear,40,0.000168299554706244
14,parallel,64,stm_linear,41,0.0008347376604363153
14,parallel,64,stm_linear,42,0.006511955251635089
14,parallel,64,stm_linear,43,0.0011523418856685392
14,parallel,64,stm_linear,44,0.00018200609820067694
14,parallel,64,stm_linear,45,0.0008351065332371611
14,parallel,64,stm_linear,46,9.267780219538874e-07
14,parallel,64,stm_linear,47,0.001658527426098248
14,parallel,64,stm_linear,48,0.0013293750114836064
14,parallel,64,stm_linear,49,0.001090246686782166
14,parallel,64,stm_linear,50,0.0007678705723387736
14,parallel,64,s10_x_s20,-1,0.48687053217847476
15,parallel,64,stm_linear,0,0.9690360157132503
15,parallel,64,stm_linear,1,0.9978157214241488
15,parallel,64,stm_linear,2,0.9975041348018032
15,parallel,64,stm_linear,3,0.9894436766453274
15,parallel,64,stm_linear,4,0.9830860458344155
15,parallel,64,stm_linear,5,0.969474745707185
15,parallel,64,stm_linear,6,0.9795083434445556
15,parallel,64,stm_linear,7,0.9321577130166022
15,parallel,64,stm_linear,8,0.926353473814336
15,parallel,64,stm_linear,9,0.9236997978318812
15,parallel,64,stm_linear,10,0.8762725316452663
15,parallel,64,stm_linear,11,0.8471925082503325
15,parallel,64,stm_linear,12,0.708026255631238
15,parallel,64,stm_linear,13,0.7559653296760971
15,parallel,64,stm_linear,14,0.5312091111220827
15,parallel,64,stm_linear,15,0.5827847500196678
15,parallel,64,stm_linear,16,0.38169131449472404
15,parallel,64,stm_linear,17,0.4485467916017923
15,parallel,64,stm_linear,18,0.2877829075752689
15,parallel,64,stm_linear,19,0.20713783962600754
15,parallel,64,stm_linear,20,0.17646479567656922
15,parallel,64,stm_linear,21,0.14032314043779684
15,parallel,64,stm_linear,22,0.08991024456939255
15,parallel,64,stm_linear,23,0.01660849650925051
15,parallel,64,stm_linear,24,0.021959737050239382
15,parallel,64,stm_linear,25,0.005989887240140402
15,parallel,64,stm_linear,26,0.01760639877025125
15,parallel,64,stm_linear,27,0.004095064044651631
15,parallel,64,stm_linear,28,0.0019256403548596186
15,parallel,64,stm_linear,29,0.00300552938248508
15,parallel,64,stm_linear,30,0.0009721112440593522
15,parallel,64,stm_linear,31,0.0002244327630973144
15,parallel,64,stm_linear,32,0.0007377725260792256
15,parallel,64,stm_linear,33,3.694354325156132e-05
15,parallel,64,stm_linear,34,1.6726810581606792e-05
15,parallel,64,stm_linear,35,0.0008561150209352228
15,parallel,64,stm_linear,36,0.0008648338556386039
15,parallel,64,stm_linear,37,0.002300720407385595
15,parallel,64,stm_linear,38,0.00045186294939889357
15,parallel,64,stm_linear,39,0.002910740969442156
15,parallel,64,stm_linear,40,0.0005218901770988796
15,parallel,64,stm_linear,41,3.3740694056112044e-07
15,parallel,64,stm_linear,42,0.00017069670567187306
15,parallel,64,stm_linear,43,0.0017103405055969093
15,parallel,64,stm_linear,44,0.001594650817407369
15,parallel,64,stm_linear,45,0.0007455588968252511
15,parallel,64,stm_linear,46,0.00025452333726701205
15,parallel,64,stm_linear,47,0.00017636829422264886
15,parallel,64,stm_linear,48,0.00013777700358555745
15,parallel,64,stm_linear,49,1.456791801909456e-05
15,parallel,64,stm_linear,50,0.0006416753626638159
15,parallel,64,s10_x_s20,-1,0.47469494079345675
16,parallel,64,stm_linear,0,0.9359326837529733
16,parallel,64,stm_linear,1,0.9968569375196599
16,parallel,64,stm_linear,2,0.9934475284158187
16,parallel,64,stm_linear,3,0.9804900537864086
16,parallel,64,stm_linear,4,0.9666422361875433
16,parallel,64,stm_linear,5,0.955488366983669
16,parallel,64,stm_linear,6,0.9693440018626395
16,parallel,64,stm_linear,7,0.9104397905974979
16,parallel,64,stm_linear,8,0.9297417118088598
16,parallel,64,stm_linear,9,0.8744904219044928
16,parallel,64,stm_linear,10,0.8701328308037817
16,parallel,64,stm_linear,11,0.7881626142105442
16,parallel,64,stm_linear,12,0.6736025663784864
16,parallel,64,stm_linear,13,0.6373056203675723
16,parallel,64,stm_linear,14,0.5063961167065846
16,parallel,64,stm_linear,15,0.6333818506663936
16,parallel,64,stm_linear,16,0.28410048052375697
16,parallel,64,stm_linear,17,0.46309746419065706
16,parallel,64,stm_linear,18,0.23644934664170394
16,parallel,64,stm_linear,19,0.3001230774082074
16,parallel,64,stm_linear,20,0.3095716856459066
16,parallel,64,stm_linear,21,0.1939807189367516
16,parallel,64,stm_linear,22,0.16400328391740546
16,parallel,64,stm_linear,23,0.10050847272830392
16,parallel,64,stm_linear,24,0.11369860723922728
16,parallel,64,stm_linear,25,0.042122006581590495
16,parallel,64,stm_linear,26,0.03387741692560788
16,parallel,64,stm_linear,27,0.022962578872440537
16,parallel,64,stm_linear,28,0.0021152570037834806
16,parallel,64,stm_linear,29,0.0151795347756889
16,parallel,64,stm_linear,30,0.00165096139078226
16,parallel,64,stm_linear,31,0.003933474726438425
16,parallel,64,stm_linear,32,0.0014792906075656973
16,parallel,64,stm_linear,33,2.4612985617369324e-05
16,parallel,64,stm_linear,34,0.0001533250343805553
16,parallel,64,stm_linear,35,0.0007354109162324635
16,parallel,64,stm_linear,36,7.347767860880034e-06
16,parallel,64,stm_linear,37,0.00034248009786745555
16,parallel,64,stm_linear,38,0.000979940193264056
16,parallel,64,stm_linear,39,0.0021170657672898445
16,parallel,64,stm_linear,40,4.392280009852737e-05
16,parallel,64,stm_linear,41,0.0008327901607950571
16,parallel,64,stm_linear,42,0.0003156099995492443
16,parallel,64,stm_linear,43,0.0016519109106452442
16,parallel,64,stm_linear,44,5.393645575721977e-05
16,parallel,64,stm_linear,45,0.005794167813864986
16,parallel,64,stm_linear,46,4.80166806066303e-05
16,parallel,64,stm_linear,47,0.0008307418859897526
16,parallel,64,stm_linear,48,0.00024982178786732293
16,parallel,64,stm_linear,49,0.0002431769921036585
16,parallel,64,stm_linear,50,6.199486681022631e-07
16,parallel,64,s10_x_s20,-1,0.47519935583971934
17,parallel,64,stm_linear,0,0.8909877725472182
17,parallel,64,stm_linear,1,0.9954651330058505
17,parallel,64,stm_linear,2,0.9945483483136551
17,parallel,64,stm_linear,3,0.9794458847082422
17,parallel,64,stm_linear,4,0.964536930071338
17,parallel,64,stm_linear,5,0.9578911769240321
17,parallel,64,stm_linear,6,0.9673867665211487
17,parallel,64,stm_linear,7,0.9113799881410555
17,parallel,64,stm_linear,8,0.9007118303256506
17,parallel,64,stm_linear,9,0.8633457685413501
17,parallel,64,stm_linear,10,0.8514404936491722
17,parallel,64,stm_linear,11,0.8323573485445596
17,parallel,64,stm_linear,12,0.6126574133602936
17,parallel,64,stm_linear,13,0.7288310463295883
17,parallel,64,stm_linear,14,0.5266806882107538
17,parallel,64,stm_linear,15,0.515418757770288
17,parallel,64,stm_linear,16,0.4412483448451878
17,parallel,64,stm_linear,17,0.43099777027552044
17,parallel,64,stm_linear,18,0.2277607467778124
17,parallel,64,stm_linear,19,0.1890055922877687
17,parallel,64,stm_linear,20,0.2408420985451965
17,parallel,64,stm_linear,21,0.11816482362846635
17,parallel,64,stm_linear,22,0.12244683731339448
17,parallel,64,stm_linear,23,0.0919632702347318
17,parallel,64,stm_linear,24,0.05593715959684855
17,parallel,64,stm_linear,25,0.04343269582080214
17,parallel,64,stm_linear,26,0.025612693685686812
17,parallel,64,stm_linear,27,0.020011434853251617
17,parallel,64,stm_linear,28,0.002108543018289602
17,parallel,64,stm_linear,29,0.00662724077963705
17,parallel,64,stm_linear,30,0.0017738228042826602
17,parallel,64,stm_linear,31,0.008776263260306325
17,parallel,64,stm_linear,32,0.0018700513504795687
17,parallel,64,stm_linear,33,0.00017886218235985485
17,parallel,64,stm_linear,34,0.0005703416361032924
17,parallel,64,stm_linear,35,0.0009825519515380763
17,parallel,64,stm_linear,36,0.00015852924484420828
17,parallel,64,stm_linear,37,3.500085327203573e-05
17,parallel,64,stm_linear,38,0.0010742649858762646
17,parallel,64,stm_linear,39,2.6212128445782516e-05
17,parallel,64,stm_linear,40,0.0021531161664597
17,parallel,64,stm_linear,41,0.0017084470294202619
17,parallel,64,stm_linear,42,0.0009306955010407561
17,parallel,64,stm_linear,43,0.0019031794317677343
17,parallel,64,stm_linear,44,9.480956415607403e-06
17,parallel,64,stm_linear,45,0.00015729494639981322
17,parallel,64,stm_linear,46,0.0017297493506734163
17,parallel,64,stm_linear,47,0.0006769073033318913
17,parallel,64,stm_linear,48,0.0005944864698300863
17,parallel,64,stm_linear,49,0.00010444934789626051
17,parallel,64,stm_linear,50,4.685203592441973e-05
17,parallel,64,s10_x_s20,-1,0.4940511490603363
18,parallel,64,stm_linear,0,0.9582300009719579
18,parallel,64,stm_linear,1,0.9984814933055661
18,parallel,64,stm_linear,2,0.9959784075853009
18,parallel,64,stm_linear,3,0.9839206038053114
18,parallel,64,stm_linear,4,0.980102955568048
18,parallel,64,stm_linear,5,0.9728966507012479
18,parallel,64,stm_linear,6,0.9598475058768099
18,parallel,64,stm_linear,7,0.9443524746484517
18,parallel,64,stm_linear,8,0.932382778353756
18,parallel,64,stm_linear,9,0.8940395678778249
18,parallel,64,stm_linear,10,0.8715802807420366
18,parallel,64,stm_linear,11,0.7642266979077157
18,parallel,64,stm_linear,12,0.6841148970925126
18,parallel,64,stm_linear,13,0.6279759188435358
18,parallel,64,stm_linear,14,0.63233664553326
18,parallel,64,stm_linear,15,0.593526710311362
18,parallel,64,stm_linear,16,0.3121428141470052
18,parallel,64,stm_linear,17,0.3617448369427832
18,parallel,64,stm_linear,18,0.3193493960015791
18,parallel,64,stm_linear,19,0.09223642054978784
18,parallel,64,stm_linear,20,0.16746412946061145
18,parallel,64,stm_linear,21,0.07289081396419617
18,parallel,64,stm_linear,22,0.05076418924754502
18,parallel,64,stm_linear,23,0.02239879480866453
18,parallel,64,stm_linear,24,0.01966769672198813
18,parallel,64,stm_linear,25,0.005360057785925844
18,parallel,64,stm_linear,26,0.006022052374212951
18,parallel,64,stm_linear,27,0.004599697599604305
18,parallel,64,stm_linear,28,7.220979471089118e-05
18,parallel,64,stm_linear,29,9.33429648427751e-06
18,parallel,64,stm_linear,30,0.001966217097319328
18,parallel,64,stm_linear,31,0.0009727445644792315
18,parallel,64,stm_linear,32,7.003827464998413e-05
18,parallel,64,stm_linear,33,0.0016830122491917172
18,parallel,64,stm_linear,34,0.002170526480954643
18,parallel,64,stm_linear,35,0.0015958921092884288
18,parallel,64,stm_linear,36,0.0011592662669872647
18,parallel,64,stm_linear,37,0.0003543432479498884
18,parallel,64,stm_linear,38,0.0017621172647586246
18,parallel,64,stm_linear,39,0.001395045528155091
18,parallel,64,stm_linear,40,7.00346897970942e-05
18,parallel,64,stm_linear,41,0.00017288224356080706
18,parallel,64,stm_linear,42,0.005760305331965649
18,parallel,64,stm_linear,43,0.00012651772303990275
18,parallel,64,stm_linear,44,2.773633033504116e-05
18,parallel,64,stm_linear,45,0.0027042517973459726
18,parallel,64,stm_linear,46,8.590169873681436e-05
18,parallel,64,stm_linear,47,0.001140080836199822
18,parallel,64,stm_linear,48,0.0031076676239194705
18,parallel,64,stm_linear,49,8.932706315459256e-06
18,parallel,64,stm_linear,50,5.922604625587544e-05
18,parallel,64,s10_x_s20,-1,0.41602518279847134
19,parallel,64,stm_linear,0,0.9741499624977971
19,parallel,64,stm_linear,1,0.9986318204708471
19,parallel,64,stm_linear,2,0.9968299080606949
19,parallel,64,stm_linear,3,0.9911234649800476
19,parallel,64,stm_linear,4,0.9819884601158153
19,parallel,64,stm_linear,5,0.9792706550928583
19,parallel,64,stm_linear,6,0.9775360467480759
19,parallel,64,stm_linear,7,0.9562713614333074
19,parallel,64,stm_linear,8,0.9337799703131049
19,parallel,64,stm_linear,9,0.9313584978384029
19,parallel,64,stm_linear,10,0.8992482559972946
19,parallel,64,stm_linear,11,0.8414145091677576
19,parallel,64,stm_linear,12,0.7765038842254599
19,parallel,64,stm_linear,13,0.7154667183799176
19,parallel,64,stm_linear,14,0.5507196552618568
19,parallel,64,stm_linear,15,0.5376111074720032
19,parallel,64,stm_linear,16,0.2520468953778301
19,parallel,64,stm_linear,17,0.43398668275076857
19,parallel,64,stm_linear,18,0.3097480013069436
19,parallel,64,stm_linear,19,0.14986987839283095
19,parallel,64,stm_linear,20,0.21979247300035912
19,parallel,64,stm_linear,21,0.11556887643952686
19,parallel,64,stm_linear,22,0.12295574174324415
19,parallel,64,stm_linear,23,0.0197711363593119
19,parallel,64,stm_linear,24,0.043388339022667144
19,parallel,64,stm_linear,25,0.018049046326425636
19,parallel,64,stm_linear,26,0.005243819192209258
19,parallel,64,stm_linear,27,0.0008387724887295228
19,parallel,64,stm_linear,28,0.0004300680085697019
19,parallel,64,stm_linear,29,0.0009191239579987027
19,parallel,64,stm_linear,30,0.0010119959323994499
19,parallel,64,stm_linear,31,0.0010017519792710496
19,parallel,64,stm_linear,32,0.0007793581371983276
19,parallel,64,stm_linear,33,0.004173406868282172
19,parallel,64,stm_linear,34,0.001567631406928602
19,parallel,64,stm_linear,35,0.005187398134130943
19,parallel,64,stm_linear,36,0.005146962719299616
19,parallel,64,stm_linear,37,0.003507769197328186
19,parallel,64,stm_linear,38,0.004022665530560725
19,parallel,64,stm_linear,39,0.0014386586646671477
19,parallel,64,stm_linear,40,0.0002632719362862418
19,parallel,64,stm_linear,41,0.002066858504185512
19,parallel,64,stm_linear,42,4.9151978049628744e-05
19,parallel,64,stm_linear,43,0.0011089540597842707
19,parallel,64,stm_linear,44,0.0039367248706261865
19,parallel,64,stm_linear,45,6.531346836621348e-05
19,parallel,64,stm_linear,46,0.006366344935742051
19,parallel,64,stm_linear,47,0.00614053555213478
19,parallel,64,stm_linear,48,0.003561467174162191
19,parallel,64,stm_linear,49,0.0032040710057174146
19,parallel,64,stm_linear,50,0.0005460972675015447
19,parallel,64,s10_x_s20,-1,0.48479539919839265
