seed,model,tau,capacity
0,M0,0,0.9182762097026385
0,M0,1,0.8963906649950103
0,M0,2,0.8214421870402917
0,M0,3,0.642234268728159
0,M0,4,0.6396192304882056
0,M0,5,0.5644101272117609
0,M0,6,0.5133474682345457
0,M0,7,0.45775580070637817
0,M0,8,0.45047026744602425
0,M0,9,0.4277974694368181
0,M0,10,0.3560528554195004
0,M0,11,0.3526372519310659
0,M0,12,0.2912713879989041
0,M0,13,0.2468722989420662
0,M0,14,0.21456566420783818
0,M0,15,0.1610653803551006
0,M0,16,0.1186457402270328
0,M0,17,0.15837192318646237
0,M0,18,0.14657390770479678
0,M0,19,0.11725523484129892
0,M0,20,0.12281106846102566
0,M0,21,0.07457049434091141
0,M0,22,0.056621612428379306
0,M0,23,0.03332056941280764
0,M0,24,0.01386230283649017
0,M0,25,0.013708420337716215
0,M0,26,0.008915915672468326
0,M0,27,0.0035421200722859703
0,M0,28,0.0016697195615258831
0,M0,29,0.003400009676410694
0,M0,30,0.0001611003390092842
0,M0,31,0.002650947393455394
0,M0,32,0.00011392934811550387
0,M0,33,0.0002485888199315598
0,M0,34,3.5024709350211886e-05
0,M0,35,2.8214642545149992e-05
0,M0,36,0.00015632614078299448
0,M0,37,0.00019369328155973054
0,M0,38,0.0009567769028724823
0,M0,39,0.0026962235307784943
0,M0,40,0.0009508003646824568
0,R1,0,0.9988170352704321
0,R1,1,0.9964166232314773
0,R1,2,0.9875828554475939
0,R1,3,0.9831222977627154
0,R1,4,0.9799594404439909
0,R1,5,0.9744757743655349
0,R1,6,0.9369665343909839
0,R1,7,0.8685319245061162
0,R1,8,0.7479844300737579
0,R1,9,0.7448086673662585
0,R1,10,0.7585670322950322
0,R1,11,0.612281163932239
0,R1,12,0.3401219806416851
0,R1,13,0.23623098665282205
0,R1,14,0.15199790680740644
0,R1,15,0.2461692768751492
0,R1,16,0.11525116655812795
0,R1,17,0.015886377422188607
0,R1,18,0.005221315101781075
0,R1,19,0.003956330453750952
0,R1,20,0.0004104289817409862
0,R1,21,0.0003822667698831906
0,R1,22,0.0001300253040794257
0,R1,23,0.008829562888119466
0,R1,24,0.009133680084379887
0,R1,25,0.0017503599765267195
0,R1,26,0.00010006223625278492
0,R1,27,0.005749850418204465
0,R1,28,0.0033328998217037158
0,R1,29,0.0032703447436518325
0,R1,30,0.0012491966722076157
0,R1,31,0.0005854429286436117
0,R1,32,6.670589885367908e-05
0,R1,33,0.001819771993989113
0,R1,34,0.00024979958726243
0,R1,35,0.0074389779730078195
0,R1,36,0.0009643344207604831
0,R1,37,0.0004132261460497205
0,R1,38,0.005847826961775401
0,R1,39,3.30476759941589e-05
0,R1,40,5.327459228004772e-05
0,R-ABC,0,0.9994293335327781
0,R-ABC,1,0.997702711170368
0,R-ABC,2,0.99464600638041
0,R-ABC,3,0.9801269588589329
0,R-ABC,4,0.9774493518735557
0,R-ABC,5,0.930163139718286
0,R-ABC,6,0.9153770641248038
0,R-ABC,7,0.7957983670858353
0,R-ABC,8,0.7224179934883723
0,R-ABC,9,0.5418727838299651
0,R-ABC,10,0.4429485258061257
0,R-ABC,11,0.333377673150986
0,R-ABC,12,0.20721903705888395
0,R-ABC,13,0.18819039404006982
0,R-ABC,14,0.10367550563050477
0,R-ABC,15,0.04463750421607273
0,R-ABC,16,0.016743171506441237
0,R-ABC,17,0.0010992230704218351
0,R-ABC,18,0.006524326326099767
0,R-ABC,19,0.0031089934254112843
0,R-ABC,20,0.0013519069381639531
0,R-ABC,21,0.0005906937508808541
0,R-ABC,22,1.7926530169714913e-06
0,R-ABC,23,0.003061369049168288
0,R-ABC,24,0.009000370818217439
0,R-ABC,25,0.015055281184178598
0,R-ABC,26,0.0002555102967509751
0,R-ABC,27,0.0027270538965032593
0,R-ABC,28,4.916505537663364e-05
0,R-ABC,29,5.8312764306175715e-05
0,R-ABC,30,0.001746219416018884
0,R-ABC,31,0.00010084737940134673
0,R-ABC,32,8.403924828791662e-06
0,R-ABC,33,0.0024689517767811486
0,R-ABC,34,0.0013872982425570373
0,R-ABC,35,0.0011946878960352291
0,R-ABC,36,0.0015807718096659722
0,R-ABC,37,6.173869927751237e-05
0,R-ABC,38,0.00017772664776559915
0,R-ABC,39,0.00014431028112823834
0,R-ABC,40,0.0013159894269080801
1,M0,0,0.929195835908389
1,M0,1,0.9045723305261252
1,M0,2,0.8022360564188757
1,M0,3,0.7034495026897843
1,M0,4,0.6862463383681581
1,M0,5,0.6275268363078257
1,M0,6,0.5837583101999337
1,M0,7,0.5061573396097262
1,M0,8,0.4691343888787258
1,M0,9,0.3855257461176739
1,M0,10,0.3335551376684848
1,M0,11,0.35736173506426894
1,M0,12,0.31654389696276564
1,M0,13,0.30611127716423414
1,M0,14,0.2334324898375562
1,M0,15,0.19709491441861138
1,M0,16,0.22541419911850052
1,M0,17,0.2033771333187586
1,M0,18,0.16916186950445342
1,M0,19,0.09008729815800393
1,M0,20,0.09162518938412886
1,M0,21,0.06133106432720565
1,M0,22,0.04794578541339408
1,M0,23,0.030906152253001456
1,M0,24,0.02951623078596929
1,M0,25,0.017983679935096756
1,M0,26,0.011772322783194282
1,M0,27,0.005401828419513394
1,M0,28,0.004540419713304161
1,M0,29,0.007222465954174797
1,M0,30,0.003185213101764944
1,M0,31,0.0019766422044620716
1,M0,32,0.003283494598682384
1,M0,33,0.00025345321919469733
1,M0,34,0.0006122220250065009
1,M0,35,0.0024045396136938703
1,M0,36,0.00034331968238641785
1,M0,37,0.0004068024277238377
1,M0,38,1.6772816647335654e-08
1,M0,39,0.0001307528258850761
1,M0,40,0.0011198505213791115
1,R1,0,0.9984078869300613
1,R1,1,0.9955833648135076
1,R1,2,0.987357094166406
1,R1,3,0.9861676879231431
1,R1,4,0.9797636773597516
1,R1,5,0.9607191703638979
1,R1,6,0.902986984610165
1,R1,7,0.7440998228567499
1,R1,8,0.72683145732617
1,R1,9,0.7327467283272995
1,R1,10,0.6924456483399547
1,R1,11,0.6328209245684581
1,R1,12,0.4459780659016347
1,R1,13,0.18438529219313785
1,R1,14,0.2793932658329358
1,R1,15,0.2142772227066617
1,R1,16,0.17271718474092948
1,R1,17,0.08022128359731022
1,R1,18,0.02545908004851223
1,R1,19,0.0037601069172756964
1,R1,20,0.009635776551209676
1,R1,21,0.0049121701859777996
1,R1,22,6.272331631233206e-05
1,R1,23,0.0013196308371345286
1,R1,24,0.0005920755362596268
1,R1,25,0.001366236719917448
1,R1,26,0.0014397121005560619
1,R1,27,0.0003100440980283428
1,R1,28,0.003473118384000695
1,R1,29,7.075800488611082e-05
1,R1,30,0.0003658186051959711
1,R1,31,0.0016191570583906686
1,R1,32,4.779907028876599e-05
1,R1,33,0.0019842270777932435
1,R1,34,0.00021777766471134006
1,R1,35,0.0015490737557708487
1,R1,36,0.003111887407309352
1,R1,37,0.00029260351248257304
1,R1,38,0.000971549471849664
1,R1,39,0.0007372180786815012
1,R1,40,0.0013423440801861608
1,R-ABC,0,0.9985573731506683
1,R-ABC,1,0.9966805221092837
1,R-ABC,2,0.991116423002375
1,R-ABC,3,0.9777921963095401
1,R-ABC,4,0.9724367983530908
1,R-ABC,5,0.9480367597275248
1,R-ABC,6,0.9004398897825197
1,R-ABC,7,0.7973598841749977
1,R-ABC,8,0.7014695287915864
1,R-ABC,9,0.608004465664784
1,R-ABC,10,0.507405703326784
1,R-ABC,11,0.4451933310405053
1,R-ABC,12,0.33135816508610516
1,R-ABC,13,0.2627850348985216
1,R-ABC,14,0.1272265198558186
1,R-ABC,15,0.07458811484727493
1,R-ABC,16,0.024762796338853397
1,R-ABC,17,0.018742079346705704
1,R-ABC,18,0.008809600331703835
1,R-ABC,19,0.0012481839594674037
1,R-ABC,20,0.0022224891959263257
1,R-ABC,21,0.001506057878235038
1,R-ABC,22,3.580863770447611e-05
1,R-ABC,23,0.0020628282562975384
1,R-ABC,24,0.0018435677807109169
1,R-ABC,25,0.0027053992521217708
1,R-ABC,26,0.0063728378264246086
1,R-ABC,27,0.0005633423317627474
1,R-ABC,28,0.003569444861197215
1,R-ABC,29,6.764837618879814e-05
1,R-ABC,30,0.0001783927751441145
1,R-ABC,31,0.0011567794257392539
1,R-ABC,32,0.00010265027813344484
1,R-ABC,33,0.0029734552014910555
1,R-ABC,34,0.0001089896617842753
1,R-ABC,35,0.00032290016942394605
1,R-ABC,36,5.34763284320039e-05
1,R-ABC,37,0.000634856659607131
1,R-ABC,38,1.7822762757457065e-06
1,R-ABC,39,0.0018726891017258852
1,R-ABC,40,0.005615231105481551
2,M0,0,0.8578669524844383
2,M0,1,0.8040877143697105
2,M0,2,0.6458621682299914
2,M0,3,0.5091104661928867
2,M0,4,0.4932581954939646
2,M0,5,0.43466684030539543
2,M0,6,0.363166693073077
2,M0,7,0.3034585343555518
2,M0,8,0.32958201957211297
2,M0,9,0.32833386720007135
2,M0,10,0.2816692667517192
2,M0,11,0.28267888101830574
2,M0,12,0.26713341396125995
2,M0,13,0.23654874620109792
2,M0,14,0.18284357661382192
2,M0,15,0.12699994199472692
2,M0,16,0.11620250981259066
2,M0,17,0.09732004892510554
2,M0,18,0.09987654261016572
2,M0,19,0.09111938400444813
2,M0,20,0.09375030083331765
2,M0,21,0.05706283153030614
2,M0,22,0.03536985490567047
2,M0,23,0.02980382878837624
2,M0,24,0.022296976874284502
2,M0,25,0.029978382432694264
2,M0,26,0.021273165177110333
2,M0,27,0.017197123483160277
2,M0,28,0.008256276856241274
2,M0,29,0.004092698140211498
2,M0,30,0.018212842559535956
2,M0,31,0.008232377389077743
2,M0,32,0.008941056831152821
2,M0,33,0.004606360746019929
2,M0,34,0.009548637673831517
2,M0,35,0.009810621451212786
2,M0,36,0.004688507329404103
2,M0,37,0.0013043373138469417
2,M0,38,0.001967863273106921
2,M0,39,0.0007741331537449443
2,M0,40,0.004239611023947535
2,R1,0,0.9983623806991577
2,R1,1,0.99133429612185
2,R1,2,0.9774306156754109
2,R1,3,0.9774796957257912
2,R1,4,0.9523832758080615
2,R1,5,0.9319141506964979
2,R1,6,0.8915066734474508
2,R1,7,0.7761955167642169
2,R1,8,0.7182657423673838
2,R1,9,0.7291991549685164
2,R1,10,0.6634775029958274
2,R1,11,0.5865467842580171
2,R1,12,0.32582561429005474
2,R1,13,0.14665161131266743
2,R1,14,0.2428371857888225
2,R1,15,0.3441584823936383
2,R1,16,0.28010108626791586
2,R1,17,0.12439460945091557
2,R1,18,0.029821299923149445
2,R1,19,0.014259391645594035
2,R1,20,0.03736637886002202
2,R1,21,0.018819643964561695
2,R1,22,0.006609660802522702
2,R1,23,3.8070408800230964e-05
2,R1,24,0.0006157907231072248
2,R1,25,0.000311832990582496
2,R1,26,0.0009743776814286761
2,R1,27,0.004500967975776508
2,R1,28,0.0019151972974940825
2,R1,29,0.0003242050223804965
2,R1,30,0.0019249265754452548
2,R1,31,0.004944331145023698
2,R1,32,0.010146657327807479
2,R1,33,0.002354709129418794
2,R1,34,0.0037380049914287755
2,R1,35,0.010263177782301432
2,R1,36,0.012168068016357194
2,R1,37,0.006045814186921351
2,R1,38,0.00840517640418444
2,R1,39,0.0028622702501643147
2,R1,40,0.0018043010229555117
2,R-ABC,0,0.9983048575556113
2,R-ABC,1,0.9941984196785744
2,R-ABC,2,0.9839821294876216
2,R-ABC,3,0.9585139870391189
2,R-ABC,4,0.9360690559424195
2,R-ABC,5,0.8925936715440853
2,R-ABC,6,0.83396384284138
2,R-ABC,7,0.7463914698059497
2,R-ABC,8,0.6549612506365751
2,R-ABC,9,0.533127068325325
2,R-ABC,10,0.42334596985472334
2,R-ABC,11,0.37324286696789655
2,R-ABC,12,0.28411555284043455
2,R-ABC,13,0.19222435791517353
2,R-ABC,14,0.13136221988282784
2,R-ABC,15,0.08202810526111304
2,R-ABC,16,0.01954847543569488
2,R-ABC,17,0.023065179236337306
2,R-ABC,18,0.004001513639576075
2,R-ABC,19,0.0012063465026902571
2,R-ABC,20,0.0003614777390503341
2,R-ABC,21,0.0013294700222377606
2,R-ABC,22,0.003870371499488936
2,R-ABC,23,0.00034699171108443396
2,R-ABC,24,0.0018024881897941538
2,R-ABC,25,0.00015489005207153906
2,R-ABC,26,0.009565734988403884
2,R-ABC,27,0.00010361874845499738
2,R-ABC,28,0.00021466320968345287
2,R-ABC,29,0.0026667003515048904
2,R-ABC,30,0.0008455040871139553
2,R-ABC,31,0.0005698698087957386
2,R-ABC,32,0.0009262747536485309
2,R-ABC,33,0.007970085277287438
2,R-ABC,34,0.003308785228527281
2,R-ABC,35,0.004835695292925351
2,R-ABC,36,0.0070968330724287985
2,R-ABC,37,0.00653748595800531
2,R-ABC,38,0.00902767004617919
2,R-ABC,39,0.018037708927224897
2,R-ABC,40,0.0015070356795946968
3,M0,0,0.8687411122739992
3,M0,1,0.8301206140169111
3,M0,2,0.7341900881621389
3,M0,3,0.6478171250229916
3,M0,4,0.6269089791090559
3,M0,5,0.5807323319798446
3,M0,6,0.5555420637025017
3,M0,7,0.48792734703043733
3,M0,8,0.40411644731050256
3,M0,9,0.32266736339856184
3,M0,10,0.3423040042092425
3,M0,11,0.33727808574269436
3,M0,12,0.2893538379688081
3,M0,13,0.2581162465753737
3,M0,14,0.22079719787727478
3,M0,15,0.17851678095829276
3,M0,16,0.15430627466697353
3,M0,17,0.12067702595420274
3,M0,18,0.07886444411798758
3,M0,19,0.09129639242728857
3,M0,20,0.09894414842360164
3,M0,21,0.08112336462324059
3,M0,22,0.06545530559714335
3,M0,23,0.027614218171721387
3,M0,24,0.036540829730272624
3,M0,25,0.03844604330544153
3,M0,26,0.03629231750682829
3,M0,27,0.039938248790318306
3,M0,28,0.03684725320967233
3,M0,29,0.03391132904376883
3,M0,30,0.01024332795534875
3,M0,31,0.008801943302184383
3,M0,32,0.008858517100249937
3,M0,33,0.00354389283419979
3,M0,34,0.00012619120154254307
3,M0,35,0.001279182603075985
3,M0,36,0.0025243814029348144
3,M0,37,8.33876909816825e-07
3,M0,38,0.0010485993531219192
3,M0,39,0.00037373721273946365
3,M0,40,0.0017925954671470863
3,R1,0,0.9984732587491552
3,R1,1,0.9957584932181653
3,R1,2,0.9857015692448018
3,R1,3,0.9817252706174788
3,R1,4,0.9836392626733957
3,R1,5,0.970758258069643
3,R1,6,0.9406316489305572
3,R1,7,0.8133267582243197
3,R1,8,0.7968317785357156
3,R1,9,0.8334125453285088
3,R1,10,0.7765293691549675
3,R1,11,0.6554543763221112
3,R1,12,0.5106439061545808
3,R1,13,0.2219460870367876
3,R1,14,0.3265113956420766
3,R1,15,0.3604911198857285
3,R1,16,0.28888105131075265
3,R1,17,0.12791495322359817
3,R1,18,0.011661137191785194
3,R1,19,0.005729130435772995
3,R1,20,0.014286607033962721
3,R1,21,0.018611500707626773
3,R1,22,0.003977536496149957
3,R1,23,1.2883845172942852e-05
3,R1,24,0.00020517372199169268
3,R1,25,0.0024902251829633393
3,R1,26,0.002815741374568774
3,R1,27,0.0009531943688036985
3,R1,28,0.0015174097136087551
3,R1,29,0.008932321531179531
3,R1,30,0.0020777946857719674
3,R1,31,0.0003238586761204764
3,R1,32,0.002857472253489115
3,R1,33,0.0009228415379180494
3,R1,34,0.006419688375300569
3,R1,35,0.0010299670747057886
3,R1,36,0.0005283472814041879
3,R1,37,0.0018741539693355282
3,R1,38,0.00048310539122120236
3,R1,39,0.0008754590641180429
3,R1,40,0.0004657171868798758
3,R-ABC,0,0.9991175615293553
3,R-ABC,1,0.9975882353660487
3,R-ABC,2,0.9902504914355822
3,R-ABC,3,0.9817699433997773
3,R-ABC,4,0.9575951162493551
3,R-ABC,5,0.926166296404169
3,R-ABC,6,0.8884078024113438
3,R-ABC,7,0.814058281411841
3,R-ABC,8,0.733508894557893
3,R-ABC,9,0.5311685242811889
3,R-ABC,10,0.5089134031863243
3,R-ABC,11,0.37847646202598434
3,R-ABC,12,0.3104445737535934
3,R-ABC,13,0.21488763306875713
3,R-ABC,14,0.11801981527422112
3,R-ABC,15,0.088354217878469
3,R-ABC,16,0.02599102137190176
3,R-ABC,17,0.009085399535811469
3,R-ABC,18,0.002374788650801742
3,R-ABC,19,0.001512515286235618
3,R-ABC,20,0.0012348034183037157
3,R-ABC,21,0.00023409861895164557
3,R-ABC,22,0.0008634079097190957
3,R-ABC,23,0.00022919701864912648
3,R-ABC,24,0.004814921753376494
3,R-ABC,25,0.0009120056149710107
3,R-ABC,26,0.0012873956768025357
3,R-ABC,27,0.0005680785354932815
3,R-ABC,28,0.0008395820694229754
3,R-ABC,29,0.012359306889125163
3,R-ABC,30,3.240826241560223e-05
3,R-ABC,31,0.0034602105000128064
3,R-ABC,32,0.0011463486846415608
3,R-ABC,33,1.1747085297068294e-06
3,R-ABC,34,0.0008045042499891668
3,R-ABC,35,1.4242453080412629e-06
3,R-ABC,36,0.0002220036054807152
3,R-ABC,37,0.0022173368379456416
3,R-ABC,38,0.0009235495916921577
3,R-ABC,39,7.05632323705932e-05
3,R-ABC,40,0.010565242083890553
4,M0,0,0.9397840025313521
4,M0,1,0.9097065482425837
4,M0,2,0.8192644233008806
4,M0,3,0.7510744570042859
4,M0,4,0.7149796641725802
4,M0,5,0.6939819625178237
4,M0,6,0.6043299487566512
4,M0,7,0.5322148788991365
4,M0,8,0.47287802831512243
4,M0,9,0.4235898611592579
4,M0,10,0.3227951190805468
4,M0,11,0.305056581836777
4,M0,12,0.2303036661846918
4,M0,13,0.21712991694555023
4,M0,14,0.18553657849116068
4,M0,15,0.18026532669146378
4,M0,16,0.14591640969165556
4,M0,17,0.11358464750518132
4,M0,18,0.11215486717521785
4,M0,19,0.09271895715837002
4,M0,20,0.0893414125023746
4,M0,21,0.09266327880867335
4,M0,22,0.051121532918333795
4,M0,23,0.06555993405375549
4,M0,24,0.02926199921667175
4,M0,25,0.021301944527254212
4,M0,26,0.01658954998211176
4,M0,27,0.018064080453414552
4,M0,28,0.01899663975583679
4,M0,29,0.0060934337068057655
4,M0,30,0.009351110096099593
4,M0,31,0.0019356937913356078
4,M0,32,0.004239194830259565
4,M0,33,0.006895122896232766
4,M0,34,0.009060615392755515
4,M0,35,0.009332794955617084
4,M0,36,0.007046610214090436
4,M0,37,0.0031327713719921436
4,M0,38,9.248582791240293e-05
4,M0,39,4.9441603059910396e-05
4,M0,40,0.0007654397421099314
4,R1,0,0.9984355281887537
4,R1,1,0.996415573104566
4,R1,2,0.9912771984590674
4,R1,3,0.9844512074680895
4,R1,4,0.9772632521959628
4,R1,5,0.9679546295286264
4,R1,6,0.9247133653571266
4,R1,7,0.8383985691063319
4,R1,8,0.7466120303118898
4,R1,9,0.7637682316508047
4,R1,10,0.6981067545097001
4,R1,11,0.6600037148956128
4,R1,12,0.35181008568357874
4,R1,13,0.20772054438597304
4,R1,14,0.18658131423088534
4,R1,15,0.18593868831386046
4,R1,16,0.08412740792278414
4,R1,17,0.07535832057989462
4,R1,18,0.02786670527169999
4,R1,19,0.013475181697490752
4,R1,20,0.016732210741488677
4,R1,21,0.011286618216403766
4,R1,22,0.00011025570240258168
4,R1,23,0.005045308225818003
4,R1,24,0.0030644329950062464
4,R1,25,0.0008027968941020237
4,R1,26,0.0015631124997742471
4,R1,27,0.006584335709962194
4,R1,28,0.0009956314599046789
4,R1,29,0.0002721050248635332
4,R1,30,0.002753322627576934
4,R1,31,0.004377121859128691
4,R1,32,0.001399735894709009
4,R1,33,0.0008047440005847227
4,R1,34,0.0009469547782796423
4,R1,35,0.0009804883162656956
4,R1,36,0.001248523703049635
4,R1,37,0.00023930247621945013
4,R1,38,6.310146004144804e-05
4,R1,39,0.0005748894271657525
4,R1,40,0.0005402583779819979
4,R-ABC,0,0.9988164980454513
4,R-ABC,1,0.9971141809589147
4,R-ABC,2,0.991721249392663
4,R-ABC,3,0.9824179027901367
4,R-ABC,4,0.9696471051338922
4,R-ABC,5,0.9474474058622104
4,R-ABC,6,0.9215252261743755
4,R-ABC,7,0.8171574300616286
4,R-ABC,8,0.7334137076033068
4,R-ABC,9,0.6254132146256023
4,R-ABC,10,0.4798391886117752
4,R-ABC,11,0.30288145819730533
4,R-ABC,12,0.2276961021871908
4,R-ABC,13,0.20541082424936097
4,R-ABC,14,0.07366331221017507
4,R-ABC,15,0.048622085604899626
4,R-ABC,16,0.012056426155276745
4,R-ABC,17,0.004699541085684543
4,R-ABC,18,0.0026998463720944704
4,R-ABC,19,0.007114812668369102
4,R-ABC,20,0.0017006165047191396
4,R-ABC,21,0.0011452408687722846
4,R-ABC,22,0.0010276536754283418
4,R-ABC,23,0.0036955180967491418
4,R-ABC,24,0.0003118226550051536
4,R-ABC,25,0.001688715989412159
4,R-ABC,26,0.0021768827956784643
4,R-ABC,27,0.002448412071911408
4,R-ABC,28,0.004936108151802494
4,R-ABC,29,6.189819166790309e-05
4,R-ABC,30,0.0003087878784007128
4,R-ABC,31,0.0017075371665632006
4,R-ABC,32,0.005099738436139311
4,R-ABC,33,0.004665266624534837
4,R-ABC,34,7.92717976446927e-05
4,R-ABC,35,0.001105205880144657
4,R-ABC,36,0.003309856942851976
4,R-ABC,37,0.001403691727600198
4,R-ABC,38,0.0009437679409969374
4,R-ABC,39,0.0004858496397326006
4,R-ABC,40,1.2324440036227195e-05
5,M0,0,0.9023140943772213
5,M0,1,0.8600041491917855
5,M0,2,0.6875841821015455
5,M0,3,0.5880005819594653
5,M0,4,0.609364934684414
5,M0,5,0.5208092240434989
5,M0,6,0.4480765397583556
5,M0,7,0.4082444812045507
5,M0,8,0.39214911618185744
5,M0,9,0.3339630122587987
5,M0,10,0.31557191711061733
5,M0,11,0.2855795257576455
5,M0,12,0.24164408852866848
5,M0,13,0.2191293896893241
5,M0,14,0.22061912318438887
5,M0,15,0.20326028308745733
5,M0,16,0.16898796130631286
5,M0,17,0.16952179162900188
5,M0,18,0.13781244277635013
5,M0,19,0.09994072433590129
5,M0,20,0.12024915471659665
5,M0,21,0.08623047486694982
5,M0,22,0.06941083551725918
5,M0,23,0.06438782232956831
5,M0,24,0.059392402584426095
5,M0,25,0.04859173141832029
5,M0,26,0.026915565982863314
5,M0,27,0.019991684343722976
5,M0,28,0.02670140405535064
5,M0,29,0.03889684033733648
5,M0,30,0.027652259413575905
5,M0,31,0.015096927179428989
5,M0,32,0.01713050163252942
5,M0,33,0.015175314028135812
5,M0,34,0.013767078290210134
5,M0,35,0.011424481651280908
5,M0,36,0.007724233805378796
5,M0,37,0.0031363532883771387
5,M0,38,0.0048252300158952875
5,M0,39,0.006604190758994036
5,M0,40,0.0042416152005155415
5,R1,0,0.9986928426703939
5,R1,1,0.9944569651282636
5,R1,2,0.9814154218092489
5,R1,3,0.980581831022969
5,R1,4,0.9613333404813081
5,R1,5,0.9459005211470958
5,R1,6,0.9199433739796818
5,R1,7,0.8320192067641146
5,R1,8,0.7150058216510999
5,R1,9,0.7565131708449313
5,R1,10,0.6736973916112694
5,R1,11,0.6005960084867324
5,R1,12,0.42136804141055634
5,R1,13,0.23445466627506714
5,R1,14,0.21347137068868308
5,R1,15,0.2709752766935532
5,R1,16,0.23122704868555155
5,R1,17,0.08861586683392393
5,R1,18,0.02307810192449544
5,R1,19,0.02579230614975607
5,R1,20,0.04998135242602292
5,R1,21,0.02203419577629304
5,R1,22,0.011084810937288555
5,R1,23,0.006752720291234727
5,R1,24,4.11145800635747e-07
5,R1,25,2.7628662693791265e-05
5,R1,26,0.004072021967740111
5,R1,27,0.0006110744966539066
5,R1,28,0.00036164608819845925
5,R1,29,0.001510847629882249
5,R1,30,0.00033268072184155297
5,R1,31,4.0298428882762786e-05
5,R1,32,0.00040481391303969904
5,R1,33,0.0013439925165287026
5,R1,34,0.00083156585875335
5,R1,35,0.0016031928096142895
5,R1,36,2.031338828823458e-05
5,R1,37,0.0006774188151183718
5,R1,38,0.00038492612459343833
5,R1,39,0.00047130268013204584
5,R1,40,0.007174276283507481
5,R-ABC,0,0.998482157371384
5,R-ABC,1,0.9962556483858841
5,R-ABC,2,0.9827493149399056
5,R-ABC,3,0.9641947337968291
5,R-ABC,4,0.9529398778058137
5,R-ABC,5,0.904509825382761
5,R-ABC,6,0.8816186654442819
5,R-ABC,7,0.7699201802602778
5,R-ABC,8,0.6213410356965602
5,R-ABC,9,0.5581024395894699
5,R-ABC,10,0.492083496788947
5,R-ABC,11,0.35345880324319345
5,R-ABC,12,0.26008990962373263
5,R-ABC,13,0.2212831140440178
5,R-ABC,14,0.15508652292396002
5,R-ABC,15,0.11533817293895178
5,R-ABC,16,0.04837414346735574
5,R-ABC,17,0.029767818141462565
5,R-ABC,18,0.01858277992797423
5,R-ABC,19,0.004561390894660591
5,R-ABC,20,0.0040399177795853065
5,R-ABC,21,0.004874375954056493
5,R-ABC,22,0.0020204794906631593
5,R-ABC,23,0.00015620410665553324
5,R-ABC,24,0.002144528800654794
5,R-ABC,25,2.229375846711813e-05
5,R-ABC,26,0.00021916560652768512
5,R-ABC,27,0.0006431032915703962
5,R-ABC,28,0.0003481270131752045
5,R-ABC,29,0.0015089464087912781
5,R-ABC,30,5.155903007556772e-05
5,R-ABC,31,1.1335808627768124e-05
5,R-ABC,32,0.0035710861418499448
5,R-ABC,33,0.0005226469006210839
5,R-ABC,34,0.00041257153750932934
5,R-ABC,35,0.0014570900760893018
5,R-ABC,36,0.0015329517448224791
5,R-ABC,37,0.0037179444826017493
5,R-ABC,38,0.0019160203361109332
5,R-ABC,39,0.0015224143637949006
5,R-ABC,40,2.1217239300954197e-06
6,M0,0,0.8759739484083753
6,M0,1,0.8207182019776887
6,M0,2,0.6998835737770598
6,M0,3,0.6303428346849445
6,M0,4,0.5868571335294818
6,M0,5,0.4849239060640628
6,M0,6,0.3554822778693349
6,M0,7,0.3509979378451198
6,M0,8,0.3605933623143275
6,M0,9,0.322910402583924
6,M0,10,0.27106174088774826
6,M0,11,0.24087236845072227
6,M0,12,0.27976258772020446
6,M0,13,0.24035112541653633
6,M0,14,0.20002733598182562
6,M0,15,0.19151898284674418
6,M0,16,0.1479177974468554
6,M0,17,0.13404856272317148
6,M0,18,0.11413150600382684
6,M0,19,0.10638926863779595
6,M0,20,0.057625457883122115
6,M0,21,0.049366491892168116
6,M0,22,0.04009383935224974
6,M0,23,0.05151105499339844
6,M0,24,0.026880218767405685
6,M0,25,0.03907921205702756
6,M0,26,0.03613478392653818
6,M0,27,0.01998002465966726
6,M0,28,0.01968424548975491
6,M0,29,0.01470558850534788
6,M0,30,0.009966097671635556
6,M0,31,0.006194682197778659
6,M0,32,0.011501020620325464
6,M0,33,0.014207540493188809
6,M0,34,0.006467127509299105
6,M0,35,0.005843473208587651
6,M0,36,0.010840404647880494
6,M0,37,0.005152059396980025
6,M0,38,0.0015238813167557774
6,M0,39,0.0007714587642528147
6,M0,40,7.395794119328407e-05
6,R1,0,0.9981304495531198
6,R1,1,0.9901921073415341
6,R1,2,0.9555411364499778
6,R1,3,0.9624102692729922
6,R1,4,0.9607683612899529
6,R1,5,0.9366260637861427
6,R1,6,0.894495338187585
6,R1,7,0.7391809173966045
6,R1,8,0.6838895767661535
6,R1,9,0.6871665360808223
6,R1,10,0.7000481408000636
6,R1,11,0.6253855965641074
6,R1,12,0.49097251689901855
6,R1,13,0.28900276336178304
6,R1,14,0.24944587007809665
6,R1,15,0.3548468626872
6,R1,16,0.41789592572061135
6,R1,17,0.225653546699887
6,R1,18,0.03361943993283456
6,R1,19,0.039241835318377445
6,R1,20,0.0913383112929147
6,R1,21,0.12200073315362676
6,R1,22,0.07447159710273912
6,R1,23,0.02122736865320512
6,R1,24,0.00011597451745406444
6,R1,25,0.006007101082829094
6,R1,26,0.032560829689919905
6,R1,27,0.02750453593709713
6,R1,28,0.00733208831225414
6,R1,29,0.00847056660026706
6,R1,30,0.005410755124621445
6,R1,31,0.008672020778831727
6,R1,32,0.012416953522372586
6,R1,33,0.009253436209693574
6,R1,34,0.009032598128378855
6,R1,35,0.005885072118019588
6,R1,36,0.009202497727870632
6,R1,37,0.0028014555804878184
6,R1,38,0.0005923443134844938
6,R1,39,0.0011445079121046773
6,R1,40,0.0025454488370491315
6,R-ABC,0,0.9982686018777484
6,R-ABC,1,0.993832738488399
6,R-ABC,2,0.9842237139087694
6,R-ABC,3,0.9610046343405992
6,R-ABC,4,0.9416024197223546
6,R-ABC,5,0.8698704873729609
6,R-ABC,6,0.822716285313982
6,R-ABC,7,0.7115399934903384
6,R-ABC,8,0.6072152725767371
6,R-ABC,9,0.493824393521726
6,R-ABC,10,0.4394919935177674
6,R-ABC,11,0.35979122484515447
6,R-ABC,12,0.2935155191215216
6,R-ABC,13,0.26397532830882975
6,R-ABC,14,0.22632946857804023
6,R-ABC,15,0.17164676109548607
6,R-ABC,16,0.13576943771048483
6,R-ABC,17,0.0689732701515971
6,R-ABC,18,0.028298825607483896
6,R-ABC,19,0.013214763695570281
6,R-ABC,20,0.003816954951903482
6,R-ABC,21,0.00010553296988274494
6,R-ABC,22,0.00099667660097684
6,R-ABC,23,0.00034409570001753064
6,R-ABC,24,0.0006216541163894821
6,R-ABC,25,7.511143246383287e-05
6,R-ABC,26,0.00014702666503280432
6,R-ABC,27,0.0007217224657549083
6,R-ABC,28,4.7621941202533964e-06
6,R-ABC,29,0.00014818097808259
6,R-ABC,30,0.00010614638001263412
6,R-ABC,31,0.0033415269073438295
6,R-ABC,32,0.004172222628329274
6,R-ABC,33,0.01638050333445193
6,R-ABC,34,0.008251948661728056
6,R-ABC,35,0.013140780135018428
6,R-ABC,36,0.014909062724785344
6,R-ABC,37,0.0028545995705109373
6,R-ABC,38,0.0022868439209537622
6,R-ABC,39,0.002432396630400673
6,R-ABC,40,0.0006996480372649621
7,M0,0,0.9377492621197299
7,M0,1,0.9032835340523137
7,M0,2,0.8162824770520435
7,M0,3,0.7793096328398842
7,M0,4,0.7036173984023916
7,M0,5,0.6870758321970248
7,M0,6,0.6680054878369875
7,M0,7,0.6324726275401596
7,M0,8,0.6010789156310256
7,M0,9,0.5159968811891149
7,M0,10,0.4435796904106056
7,M0,11,0.4086146869083903
7,M0,12,0.3777094203315517
7,M0,13,0.32189288176379893
7,M0,14,0.24593404199829608
7,M0,15,0.23339456476689868
7,M0,16,0.25482778207497214
7,M0,17,0.19397452302528403
7,M0,18,0.1666162529042368
7,M0,19,0.1225073841829132
7,M0,20,0.09297417366256537
7,M0,21,0.08025204907089202
7,M0,22,0.05057985638370358
7,M0,23,0.05002570965276443
7,M0,24,0.0289736057412989
7,M0,25,0.018225019666807455
7,M0,26,0.018562604714707335
7,M0,27,0.023119132264974283
7,M0,28,0.009054903655241099
7,M0,29,0.013921260989439958
7,M0,30,1.7771066910507774e-05
7,M0,31,0.00017163675742379282
7,M0,32,0.0014028172946863957
7,M0,33,0.00031381415132240425
7,M0,34,0.00010945341296344477
7,M0,35,0.0009090291937496109
7,M0,36,0.000201609700752429
7,M0,37,0.00017382944488143173
7,M0,38,0.006577994822066641
7,M0,39,0.004705047759949365
7,M0,40,0.001164869733185751
7,R1,0,0.9982919203849433
7,R1,1,0.9935210060709004
7,R1,2,0.9818375681012971
7,R1,3,0.9786922598726207
7,R1,4,0.974434245768044
7,R1,5,0.9536024675404264
7,R1,6,0.9043640968394264
7,R1,7,0.744330936057863
7,R1,8,0.7580070721348547
7,R1,9,0.7729913706460857
7,R1,10,0.7602533882247751
7,R1,11,0.6683976688022124
7,R1,12,0.5255990408007006
7,R1,13,0.2998865999359123
7,R1,14,0.20230143514867013
7,R1,15,0.3114875001882709
7,R1,16,0.21359545304209707
7,R1,17,0.15646215075911057
7,R1,18,0.0380634789992329
7,R1,19,0.008595696983413179
7,R1,20,0.006082679751729186
7,R1,21,0.006684126380328022
7,R1,22,0.008492773367483936
7,R1,23,0.0007058436436411156
7,R1,24,0.00010965283967777364
7,R1,25,0.0013593383711032522
7,R1,26,0.0002747937828492062
7,R1,27,0.0031374923159912544
7,R1,28,0.0016419413188683094
7,R1,29,0.001993874038218113
7,R1,30,1.5062232684697643e-05
7,R1,31,1.4694774442555237e-05
7,R1,32,6.484136798202733e-05
7,R1,33,0.005608441697702826
7,R1,34,0.0035841943439875387
7,R1,35,0.0006675851230024947
7,R1,36,0.00015880867114615086
7,R1,37,0.0009921815311013016
7,R1,38,3.1866850535779254e-05
7,R1,39,0.0005853131879155665
7,R1,40,7.993194369784409e-09
7,R-ABC,0,0.9987870131007267
7,R-ABC,1,0.9966065756027638
7,R-ABC,2,0.9914179062418752
7,R-ABC,3,0.9838240385744629
7,R-ABC,4,0.9706182939420213
7,R-ABC,5,0.9424067225762559
7,R-ABC,6,0.9081549019791497
7,R-ABC,7,0.8191024976643797
7,R-ABC,8,0.8057948284606471
7,R-ABC,9,0.708235002389031
7,R-ABC,10,0.5498211252722962
7,R-ABC,11,0.5218376157966456
7,R-ABC,12,0.3318735640221572
7,R-ABC,13,0.2289250524409268
7,R-ABC,14,0.11552272903146668
7,R-ABC,15,0.0322633910398156
7,R-ABC,16,0.05168243730878238
7,R-ABC,17,0.016682579158537342
7,R-ABC,18,0.005843434144678329
7,R-ABC,19,0.0009856035662402585
7,R-ABC,20,0.0022584739104791808
7,R-ABC,21,0.0006010924437612134
7,R-ABC,22,0.003090307562389245
7,R-ABC,23,6.385496344944524e-05
7,R-ABC,24,0.0002411801944786079
7,R-ABC,25,6.514668779800878e-05
7,R-ABC,26,0.00037464223293406435
7,R-ABC,27,0.0013871825240699435
7,R-ABC,28,0.0001755832222599665
7,R-ABC,29,0.0006988091403283591
7,R-ABC,30,0.00046041699106238624
7,R-ABC,31,0.00790605788770665
7,R-ABC,32,0.0012835119502163555
7,R-ABC,33,0.004385287952829078
7,R-ABC,34,0.006654406061493382
7,R-ABC,35,0.0016982777878492266
7,R-ABC,36,7.942610331348957e-05
7,R-ABC,37,0.0008636830940741675
7,R-ABC,38,0.00024243470885987326
7,R-ABC,39,0.0018203817982177966
7,R-ABC,40,0.0013490475993010178
8,M0,0,0.9214184336771206
8,M0,1,0.8913061141211162
8,M0,2,0.7841866775314478
8,M0,3,0.7052689458969638
8,M0,4,0.6586858121123417
8,M0,5,0.6037890570602494
8,M0,6,0.556143180369536
8,M0,7,0.5402109826924254
8,M0,8,0.45058515795560095
8,M0,9,0.43176894674185845
8,M0,10,0.3516236877000142
8,M0,11,0.2922579096075128
8,M0,12,0.24747790233613962
8,M0,13,0.1960495737638433
8,M0,14,0.15533981448628909
8,M0,15,0.11772119466863225
8,M0,16,0.10084296117794377
8,M0,17,0.07232779176656617
8,M0,18,0.05020416573691934
8,M0,19,0.07195748174548572
8,M0,20,0.04028920578038658
8,M0,21,0.04163910450958446
8,M0,22,0.03274875045629918
8,M0,23,0.027323729707770025
8,M0,24,0.01975946867395023
8,M0,25,0.02077765000063835
8,M0,26,0.022619983251747598
8,M0,27,0.028353196033909827
8,M0,28,0.013131162867043201
8,M0,29,0.014143352422035304
8,M0,30,0.014274802825320914
8,M0,31,0.007289513571466322
8,M0,32,0.0023258198926751255
8,M0,33,0.00035680276897778095
8,M0,34,0.003119246886956137
8,M0,35,0.00022047815858825077
8,M0,36,0.00035388693873846796
8,M0,37,0.0027164214290376345
8,M0,38,0.0036774006497171607
8,M0,39,0.006108660825362803
8,M0,40,0.0033509442020778954
8,R1,0,0.9987630086183731
8,R1,1,0.9938858050077177
8,R1,2,0.9835632682926665
8,R1,3,0.975839397268446
8,R1,4,0.9695786902518806
8,R1,5,0.950818591792048
8,R1,6,0.883508523802186
8,R1,7,0.7919331376276614
8,R1,8,0.7363251621505487
8,R1,9,0.7082173584274181
8,R1,10,0.7151952381812153
8,R1,11,0.5904722305539286
8,R1,12,0.4487936421541712
8,R1,13,0.163630499600176
8,R1,14,0.22812974575199768
8,R1,15,0.2726536532888358
8,R1,16,0.2196212706989757
8,R1,17,0.12733893414451866
8,R1,18,0.014993887080869813
8,R1,19,0.00636167602401918
8,R1,20,0.011645135566849478
8,R1,21,0.01574831363432899
8,R1,22,0.008249957098648276
8,R1,23,0.00524377763737127
8,R1,24,0.00835919614541833
8,R1,25,6.109516339817285e-06
8,R1,26,0.0020087791660694425
8,R1,27,0.00020095816962114476
8,R1,28,0.0015497588856364212
8,R1,29,0.007189234767462898
8,R1,30,0.002241747929561503
8,R1,31,4.586622707932288e-05
8,R1,32,0.00387535182087755
8,R1,33,6.256049060221742e-05
8,R1,34,0.0030885503012986083
8,R1,35,2.35036012673312e-05
8,R1,36,0.00013987724576130286
8,R1,37,0.0005307603737022761
8,R1,38,7.643339844899415e-06
8,R1,39,0.0032264936649728086
8,R1,40,0.0027719695827278673
8,R-ABC,0,0.9987414612466053
8,R-ABC,1,0.9966439945454088
8,R-ABC,2,0.9848632539621033
8,R-ABC,3,0.9704732153329106
8,R-ABC,4,0.9503928616694095
8,R-ABC,5,0.9193003714885759
8,R-ABC,6,0.8586989370713803
8,R-ABC,7,0.7567106976959856
8,R-ABC,8,0.6442274277569172
8,R-ABC,9,0.5655086238196123
8,R-ABC,10,0.4738711967429567
8,R-ABC,11,0.32146560547700986
8,R-ABC,12,0.17020294042576506
8,R-ABC,13,0.06035461946546097
8,R-ABC,14,0.054955997497846736
8,R-ABC,15,0.05207363817278718
8,R-ABC,16,0.025182509489305963
8,R-ABC,17,0.004956548469579353
8,R-ABC,18,0.003676660167502237
8,R-ABC,19,0.003682512950067145
8,R-ABC,20,0.004444073896798572
8,R-ABC,21,0.006767964189964629
8,R-ABC,22,0.0074553352954854
8,R-ABC,23,0.008548282780005235
8,R-ABC,24,0.0024871265407690377
8,R-ABC,25,0.0005320482538710504
8,R-ABC,26,3.6844135282148576e-08
8,R-ABC,27,0.00021131387185587976
8,R-ABC,28,0.0034250699543245944
8,R-ABC,29,1.713274962224182e-05
8,R-ABC,30,0.0009745549020834412
8,R-ABC,31,0.0002386161967752584
8,R-ABC,32,0.0005598716283424862
8,R-ABC,33,0.0008511405951893585
8,R-ABC,34,7.657330308375594e-09
8,R-ABC,35,0.0004984705539510934
8,R-ABC,36,2.700009488505296e-05
8,R-ABC,37,0.0015792786178897233
8,R-ABC,38,3.209343595792537e-05
8,R-ABC,39,1.189245781931305e-06
8,R-ABC,40,0.0004199167943425886
9,M0,0,0.945864362854975
9,M0,1,0.9211095696659468
9,M0,2,0.8069938431873819
9,M0,3,0.7338971212676071
9,M0,4,0.6611296905112551
9,M0,5,0.5483692784080175
9,M0,6,0.5741121617568036
9,M0,7,0.5083376330842772
9,M0,8,0.47345734717657995
9,M0,9,0.4622766647193215
9,M0,10,0.38592947433589564
9,M0,11,0.3515802637338365
9,M0,12,0.2531023328720107
9,M0,13,0.25976113055043937
9,M0,14,0.21674736114767915
9,M0,15,0.20673126291356222
9,M0,16,0.1906106741096275
9,M0,17,0.16758733480915877
9,M0,18,0.1222806229812031
9,M0,19,0.11793932722881298
9,M0,20,0.07935912205264782
9,M0,21,0.06998079288796803
9,M0,22,0.06601101153278993
9,M0,23,0.05470841427593288
9,M0,24,0.07115489738953303
9,M0,25,0.03254262893708228
9,M0,26,0.019170992612264175
9,M0,27,0.019407746164857912
9,M0,28,0.02005116183924589
9,M0,29,0.012821313001300226
9,M0,30,0.005640932423208004
9,M0,31,0.0022307778735141384
9,M0,32,0.002136591807687544
9,M0,33,0.0061143645609703975
9,M0,34,1.3387938201469498e-07
9,M0,35,0.00013078732352481354
9,M0,36,4.302314060853763e-05
9,M0,37,0.0010517397955797094
9,M0,38,4.685811603397585e-05
9,M0,39,0.0011029912797912123
9,M0,40,0.0006596375235966097
9,R1,0,0.99839696805141
9,R1,1,0.9906019464866406
9,R1,2,0.9825918484284601
9,R1,3,0.9746663598622144
9,R1,4,0.9737364861325172
9,R1,5,0.9536710743360087
9,R1,6,0.917236619031327
9,R1,7,0.8386029980450821
9,R1,8,0.7893286611551503
9,R1,9,0.7648065272009529
9,R1,10,0.6992301786838296
9,R1,11,0.6604046513982389
9,R1,12,0.41016441323305347
9,R1,13,0.3027863639696383
9,R1,14,0.275013406846465
9,R1,15,0.28972598112626036
9,R1,16,0.2708656848557542
9,R1,17,0.12920101041315363
9,R1,18,0.01930033014093126
9,R1,19,0.02138166278667215
9,R1,20,0.023972781260841392
9,R1,21,0.005539789935362195
9,R1,22,0.0006863691602807894
9,R1,23,0.004243868059680828
9,R1,24,0.019394878754019518
9,R1,25,0.0038193437778480535
9,R1,26,0.00237595957081841
9,R1,27,0.002908129645985445
9,R1,28,0.003168047221746057
9,R1,29,0.0002914137910901677
9,R1,30,0.00017924160061176184
9,R1,31,0.000372984359136852
9,R1,32,1.2249161563938152e-05
9,R1,33,0.00036279586116399424
9,R1,34,0.0008870867636635738
9,R1,35,0.0003939003582710999
9,R1,36,1.301043447978483e-08
9,R1,37,0.0005671225875161114
9,R1,38,0.0001442165882906554
9,R1,39,0.001339703502643216
9,R1,40,0.001498435596607514
9,R-ABC,0,0.9984563462938638
9,R-ABC,1,0.9966952586864709
9,R-ABC,2,0.9899123143624664
9,R-ABC,3,0.9824329755218532
9,R-ABC,4,0.9618903327317317
9,R-ABC,5,0.9527386142336501
9,R-ABC,6,0.928226765926637
9,R-ABC,7,0.8592118153429862
9,R-ABC,8,0.7228271738320572
9,R-ABC,9,0.6380352004317436
9,R-ABC,10,0.5044661820209164
9,R-ABC,11,0.41705038704511727
9,R-ABC,12,0.2003882222444284
9,R-ABC,13,0.18049138983899682
9,R-ABC,14,0.10056264959940368
9,R-ABC,15,0.06856316777589132
9,R-ABC,16,0.04095424899070514
9,R-ABC,17,0.008898378109147726
9,R-ABC,18,0.007894973180150321
9,R-ABC,19,0.009330444894477126
9,R-ABC,20,0.004319335860375524
9,R-ABC,21,0.0007961014239716066
9,R-ABC,22,0.0018501130807952262
9,R-ABC,23,0.0022690994198262433
9,R-ABC,24,0.006381424011051197
9,R-ABC,25,0.0010151072223512209
9,R-ABC,26,0.0018613186500184853
9,R-ABC,27,0.0007287326475558622
9,R-ABC,28,0.0008845224147232915
9,R-ABC,29,0.0034734350003633122
9,R-ABC,30,0.0036971731080868435
9,R-ABC,31,6.71919227955161e-05
9,R-ABC,32,0.0011341530080757286
9,R-ABC,33,3.898670904240138e-05
9,R-ABC,34,0.00229465155161717
9,R-ABC,35,0.003155512656772347
9,R-ABC,36,0.005538313285471754
9,R-ABC,37,0.0004487549721305708
9,R-ABC,38,0.0006186829828757311
9,R-ABC,39,0.0044797127886997525
9,R-ABC,40,0.00012887113221739962
10,M0,0,0.9361367765007853
10,M0,1,0.9124169274108062
10,M0,2,0.8532810957532552
10,M0,3,0.7518981408938086
10,M0,4,0.7055976003182437
10,M0,5,0.6983003778298932
10,M0,6,0.6535398502168629
10,M0,7,0.5883060555361876
10,M0,8,0.4962677286098319
10,M0,9,0.48908622116417155
10,M0,10,0.44898069442439115
10,M0,11,0.408003212709727
10,M0,12,0.33674603239258993
10,M0,13,0.2872670933865977
10,M0,14,0.24135742306544344
10,M0,15,0.21129922231705003
10,M0,16,0.2030414653130291
10,M0,17,0.2035930977464914
10,M0,18,0.17220690060358793
10,M0,19,0.1496509799539707
10,M0,20,0.13757807600292865
10,M0,21,0.12903794030780294
10,M0,22,0.09203593553943638
10,M0,23,0.09470633325487907
10,M0,24,0.0787363248398665
10,M0,25,0.06270584607098476
10,M0,26,0.026695171373047274
10,M0,27,0.038663310177843274
10,M0,28,0.038103676802041145
10,M0,29,0.036832870625194344
10,M0,30,0.022873869205968435
10,M0,31,0.016622991401971158
10,M0,32,0.010225583417708966
10,M0,33,0.011049934287235127
10,M0,34,0.0066332009383500475
10,M0,35,8.957851389602545e-05
10,M0,36,0.0003060239483103955
10,M0,37,0.0009610933652083431
10,M0,38,0.0006085617818209704
10,M0,39,7.754210484079213e-05
10,M0,40,0.0011695900206012291
10,R1,0,0.9984222852948218
10,R1,1,0.9945545262666046
10,R1,2,0.9887142408825169
10,R1,3,0.9839040066408821
10,R1,4,0.9887382301566157
10,R1,5,0.9750447632521714
10,R1,6,0.9556109836908359
10,R1,7,0.8989725629782335
10,R1,8,0.8269477378121644
10,R1,9,0.8316741817117653
10,R1,10,0.7834205071859406
10,R1,11,0.6819255791732309
10,R1,12,0.5438448748919209
10,R1,13,0.26106429668117836
10,R1,14,0.2658383925503144
10,R1,15,0.09146379358993265
10,R1,16,0.10090988488466494
10,R1,17,0.066111257065902
10,R1,18,0.01875504342677591
10,R1,19,0.007666582346661419
10,R1,20,0.009422895122718749
10,R1,21,0.013546417240435961
10,R1,22,0.006368540915578445
10,R1,23,0.0026759774956274704
10,R1,24,0.002155605894546104
10,R1,25,0.0016351973799399388
10,R1,26,0.005402555876274629
10,R1,27,0.0008568888314779174
10,R1,28,0.002671390485253445
10,R1,29,6.936243863622527e-05
10,R1,30,0.0004255160691589568
10,R1,31,0.00016155150407764425
10,R1,32,1.431182731752487e-05
10,R1,33,1.2142829648411284e-05
10,R1,34,0.0004227717320036555
10,R1,35,0.002798833883900137
10,R1,36,0.0005449468247345838
10,R1,37,0.0031038013389746134
10,R1,38,0.002461783230313802
10,R1,39,0.0006796012789918013
10,R1,40,0.000459365750015935
10,R-ABC,0,0.999142302141719
10,R-ABC,1,0.9975923339111264
10,R-ABC,2,0.9932833345704342
10,R-ABC,3,0.987828409924397
10,R-ABC,4,0.9728497204633336
10,R-ABC,5,0.9617456333131827
10,R-ABC,6,0.9373711417815901
10,R-ABC,7,0.892443177069507
10,R-ABC,8,0.8141099620710069
10,R-ABC,9,0.7174256970846927
10,R-ABC,10,0.5716582528591478
10,R-ABC,11,0.3861075983569912
10,R-ABC,12,0.28950843190083475
10,R-ABC,13,0.21942549675389142
10,R-ABC,14,0.07857892488702699
10,R-ABC,15,0.02614464036567527
10,R-ABC,16,0.009379217300439419
10,R-ABC,17,0.011953831017722991
10,R-ABC,18,0.0043643644256449845
10,R-ABC,19,0.0004956866614323526
10,R-ABC,20,0.005027378552258037
10,R-ABC,21,0.0036028387773629753
10,R-ABC,22,0.0017484001765980593
10,R-ABC,23,0.004912364525438605
10,R-ABC,24,0.00010222011122887308
10,R-ABC,25,0.0010063935811181874
10,R-ABC,26,0.0001836387226186048
10,R-ABC,27,0.001285874430861009
10,R-ABC,28,0.0007256598718902952
10,R-ABC,29,5.227560640792835e-05
10,R-ABC,30,0.002290118708415123
10,R-ABC,31,0.00026611944945340087
10,R-ABC,32,0.00045803447942080797
10,R-ABC,33,0.00016476615734365026
10,R-ABC,34,0.002311207140471757
10,R-ABC,35,0.001979245230036359
10,R-ABC,36,0.001727865276761147
10,R-ABC,37,0.003139823190996954
10,R-ABC,38,0.003611250872666867
10,R-ABC,39,0.0020212662987210044
10,R-ABC,40,0.0007573021604198685
11,M0,0,0.9305495504913913
11,M0,1,0.911736098053954
11,M0,2,0.8299701470023793
11,M0,3,0.7411816241632281
11,M0,4,0.7013318272208947
11,M0,5,0.6696552080021982
11,M0,6,0.6112597252293884
11,M0,7,0.5479472754324975
11,M0,8,0.5244187705793536
11,M0,9,0.4615528365633718
11,M0,10,0.48092381064900436
11,M0,11,0.4175480351059119
11,M0,12,0.40514255301254143
11,M0,13,0.360347243373307
11,M0,14,0.3372797535260527
11,M0,15,0.3166472661369451
11,M0,16,0.24429504983315736
11,M0,17,0.27555920459558
11,M0,18,0.21783441450585442
11,M0,19,0.2037174800685751
11,M0,20,0.18901106654998817
11,M0,21,0.14835268879045024
11,M0,22,0.0946571742270183
11,M0,23,0.05456970053001465
11,M0,24,0.02854290954828791
11,M0,25,0.038938440743328084
11,M0,26,0.059730804045484434
11,M0,27,0.03226151369470873
11,M0,28,0.0193792040958558
11,M0,29,0.006457490454501018
11,M0,30,0.011773630220231424
11,M0,31,0.0038958829305262765
11,M0,32,0.014534303088602357
11,M0,33,0.010572279476252559
11,M0,34,0.0004812686760473639
11,M0,35,0.0018857992123648248
11,M0,36,0.0022428867374721514
11,M0,37,0.0006333646204317614
11,M0,38,0.0018004366691055456
11,M0,39,0.00012239040449460244
11,M0,40,0.0001984481089951016
11,R1,0,0.9982928181091825
11,R1,1,0.9951958401798928
11,R1,2,0.9893793587920623
11,R1,3,0.9877240504128315
11,R1,4,0.9869547387662513
11,R1,5,0.9703198071986929
11,R1,6,0.9374829609767845
11,R1,7,0.9061281314091705
11,R1,8,0.7784901972180168
11,R1,9,0.8282442030415587
11,R1,10,0.753198665291829
11,R1,11,0.6603490205566603
11,R1,12,0.5141568204665681
11,R1,13,0.24814789948897623
11,R1,14,0.2126715670925758
11,R1,15,0.19920595658362822
11,R1,16,0.18347619194120138
11,R1,17,0.08254910051066573
11,R1,18,0.03432021555073966
11,R1,19,0.016771013376847967
11,R1,20,0.008184832685775556
11,R1,21,0.008116369739086488
11,R1,22,0.000413348956361876
11,R1,23,0.0029357496097108873
11,R1,24,0.0008583232558897239
11,R1,25,0.0009227732210008947
11,R1,26,0.0018084056988734011
11,R1,27,0.004822306304835617
11,R1,28,0.00540035283003606
11,R1,29,0.003947384929342571
11,R1,30,0.0007191353622036404
11,R1,31,0.00029847439403955344
11,R1,32,0.00012125049606373092
11,R1,33,0.006616822744687272
11,R1,34,0.000513791472114306
11,R1,35,0.0012715715955804797
11,R1,36,0.00017501008178751827
11,R1,37,0.001228693859346599
11,R1,38,1.3753851614507073e-06
11,R1,39,0.00122996393869779
11,R1,40,0.002878187492759318
11,R-ABC,0,0.99897139123076
11,R-ABC,1,0.9977538536384252
11,R-ABC,2,0.9931075482740611
11,R-ABC,3,0.9896406383007885
11,R-ABC,4,0.9694627759992266
11,R-ABC,5,0.9307204396094895
11,R-ABC,6,0.8933924795161983
11,R-ABC,7,0.8567322348365811
11,R-ABC,8,0.7673888135638683
11,R-ABC,9,0.6835540603692726
11,R-ABC,10,0.5380794664521967
11,R-ABC,11,0.3648536112756589
11,R-ABC,12,0.2299857301738215
11,R-ABC,13,0.14470691375525757
11,R-ABC,14,0.07449599995433417
11,R-ABC,15,0.023866125535775117
11,R-ABC,16,0.012972987522658089
11,R-ABC,17,0.005515895124614835
11,R-ABC,18,0.0031484821899716168
11,R-ABC,19,0.0006100971427815687
11,R-ABC,20,0.002791860126903313
11,R-ABC,21,0.0003275153318150694
11,R-ABC,22,0.001898531037710726
11,R-ABC,23,5.5873501838147804e-05
11,R-ABC,24,0.0031897922128111345
11,R-ABC,25,0.0068138121446902735
11,R-ABC,26,0.014893035126123064
11,R-ABC,27,0.01175746269232595
11,R-ABC,28,0.008651897867714756
11,R-ABC,29,0.00243221454713085
11,R-ABC,30,2.862734969460237e-05
11,R-ABC,31,0.00010587312024907099
11,R-ABC,32,2.3073722407931445e-06
11,R-ABC,33,4.28670223544005e-05
11,R-ABC,34,0.0031747611478483207
11,R-ABC,35,0.0003915906613586395
11,R-ABC,36,0.004105632302686117
11,R-ABC,37,0.0023270376780324792
11,R-ABC,38,0.001085145539607801
11,R-ABC,39,0.004309897743846118
11,R-ABC,40,0.003361903706323965
12,M0,0,0.8793165619340699
12,M0,1,0.8423680484467919
12,M0,2,0.7566169561122197
12,M0,3,0.6529149353005812
12,M0,4,0.6094641065143854
12,M0,5,0.5662938465051967
12,M0,6,0.5405850190824149
12,M0,7,0.4686365617487265
12,M0,8,0.4386820029691921
12,M0,9,0.3415360570001021
12,M0,10,0.2855962827559297
12,M0,11,0.26677505980731664
12,M0,12,0.23781315795624394
12,M0,13,0.2034012837500944
12,M0,14,0.154950371426446
12,M0,15,0.1204111067418129
12,M0,16,0.1080642903318204
12,M0,17,0.12196056292886895
12,M0,18,0.06898398252118955
12,M0,19,0.07387737199578633
12,M0,20,0.06568553571747622
12,M0,21,0.07542370091815002
12,M0,22,0.05874576307614191
12,M0,23,0.042752149945870864
12,M0,24,0.029895191022560347
12,M0,25,0.01951779139909476
12,M0,26,0.013387929422937718
12,M0,27,0.01709896250416296
12,M0,28,0.011685289017710754
12,M0,29,0.010536882980296144
12,M0,30,0.00840261709905761
12,M0,31,0.006239543224857718
12,M0,32,0.00043619722318356206
12,M0,33,0.0003610135824692307
12,M0,34,0.0003809109558628762
12,M0,35,0.007018610028646981
12,M0,36,0.0013686971420138526
12,M0,37,0.0013634217720027953
12,M0,38,0.0009953707589591715
12,M0,39,0.0030315968142132
12,M0,40,0.00024178199079056417
12,R1,0,0.997522420427616
12,R1,1,0.9941549315238711
12,R1,2,0.9821682870011303
12,R1,3,0.9787385409485745
12,R1,4,0.981654587479017
12,R1,5,0.9646212312768532
12,R1,6,0.9070543501025241
12,R1,7,0.7957260645751854
12,R1,8,0.8098765010171706
12,R1,9,0.8055496200954954
12,R1,10,0.7326791003012494
12,R1,11,0.6519039741374967
12,R1,12,0.4067837789555896
12,R1,13,0.20637532582668025
12,R1,14,0.2737230898818801
12,R1,15,0.3011119852620279
12,R1,16,0.1957552456020307
12,R1,17,0.06524709570736294
12,R1,18,0.004856789818656966
12,R1,19,0.001392350300779728
12,R1,20,0.020277181020839273
12,R1,21,0.023380285820337264
12,R1,22,0.012488292776455875
12,R1,23,0.002930375324253459
12,R1,24,5.3906008950923216e-05
12,R1,25,0.0008198926938123581
12,R1,26,0.00019715164420951902
12,R1,27,0.00010448037937896579
12,R1,28,0.00016937650743165485
12,R1,29,0.0016604387964099328
12,R1,30,0.001641672250481424
12,R1,31,0.00023305792231076433
12,R1,32,6.70228229142674e-05
12,R1,33,0.00019960234759760682
12,R1,34,0.00046108049423137956
12,R1,35,2.432843662081757e-05
12,R1,36,0.0028961635757067438
12,R1,37,0.0010318868719681844
12,R1,38,0.0011262364768954629
12,R1,39,3.8341890169180254e-05
12,R1,40,6.871515686089664e-05
12,R-ABC,0,0.9982653118890319
12,R-ABC,1,0.9958780364417452
12,R-ABC,2,0.9877089452678729
12,R-ABC,3,0.9772004077085383
12,R-ABC,4,0.9582812969541762
12,R-ABC,5,0.9341738633580661
12,R-ABC,6,0.8706136428242253
12,R-ABC,7,0.8113775934044207
12,R-ABC,8,0.7320928878836637
12,R-ABC,9,0.6097645381598529
12,R-ABC,10,0.4093288438163512
12,R-ABC,11,0.34461361349774583
12,R-ABC,12,0.2811278186334457
12,R-ABC,13,0.1584286226053445
12,R-ABC,14,0.056379158342058366
12,R-ABC,15,0.016591157345694416
12,R-ABC,16,0.009442155705526355
12,R-ABC,17,0.0007069436752689461
12,R-ABC,18,0.0006396218534460466
12,R-ABC,19,0.0003846955568859814
12,R-ABC,20,3.369770591611794e-07
12,R-ABC,21,0.0005895600203945137
12,R-ABC,22,3.688857761705161e-05
12,R-ABC,23,0.000308301680511219
12,R-ABC,24,0.00119507666644125
12,R-ABC,25,5.355280879293839e-06
12,R-ABC,26,0.0012641308148648805
12,R-ABC,27,0.0006171235870518224
12,R-ABC,28,5.257658339163269e-07
12,R-ABC,29,0.00047002723202984746
12,R-ABC,30,5.242157442104704e-05
12,R-ABC,31,0.0005138195807650703
12,R-ABC,32,0.0009721532515412152
12,R-ABC,33,0.0008721962814325974
12,R-ABC,34,0.0009513604750349434
12,R-ABC,35,0.0008113863638572596
12,R-ABC,36,0.0007667675370229184
12,R-ABC,37,0.0031609576424207987
12,R-ABC,38,0.0006526177586736405
12,R-ABC,39,1.181543134575133e-07
12,R-ABC,40,0.0010282712221179333
13,M0,0,0.940393689201253
13,M0,1,0.9098380842671883
13,M0,2,0.790816857841094
13,M0,3,0.7603957841956425
13,M0,4,0.6653244546798736
13,M0,5,0.631363195174074
13,M0,6,0.5587703774023335
13,M0,7,0.42005925388436316
13,M0,8,0.3508158207766767
13,M0,9,0.36655090749611474
13,M0,10,0.31180584167654196
13,M0,11,0.303645778694549
13,M0,12,0.26543590596016386
13,M0,13,0.21693675537943097
13,M0,14,0.18432577946449877
13,M0,15,0.16866883570468433
13,M0,16,0.1748895150390825
13,M0,17,0.1341178417096627
13,M0,18,0.11754574700578431
13,M0,19,0.08021968019798616
13,M0,20,0.07187376350256461
13,M0,21,0.08365672874017988
13,M0,22,0.029794661826151116
13,M0,23,0.015747869935540636
13,M0,24,0.021010502073523066
13,M0,25,0.02105823254881906
13,M0,26,0.017807420370145575
13,M0,27,0.012795035268918462
13,M0,28,0.011356883260806073
13,M0,29,0.01799813173929357
13,M0,30,0.01446355725205885
13,M0,31,0.006128624979992602
13,M0,32,0.004166303223928304
13,M0,33,0.005934867970912606
13,M0,34,0.003914349687677531
13,M0,35,0.0025696523418904356
13,M0,36,0.0008521717831463044
13,M0,37,0.00015680851992294655
13,M0,38,0.0018033110592497433
13,M0,39,0.0016248477214277004
13,M0,40,0.0014543283567016662
13,R1,0,0.9990480785567535
13,R1,1,0.9957168990421538
13,R1,2,0.9926956970686799
13,R1,3,0.9900400224588929
13,R1,4,0.9841556872988171
13,R1,5,0.9734884172605897
13,R1,6,0.9237285621299189
13,R1,7,0.8291784319859099
13,R1,8,0.8265101438154016
13,R1,9,0.7791154250738732
13,R1,10,0.7137401969448613
13,R1,11,0.5981979507416019
13,R1,12,0.4427597306937156
13,R1,13,0.2637375335984617
13,R1,14,0.23799335984878345
13,R1,15,0.15690598132238703
13,R1,16,0.07461937391468487
13,R1,17,0.05810651105799512
13,R1,18,0.035816133452007924
13,R1,19,0.0052723279857456035
13,R1,20,0.025622683126465786
13,R1,21,0.02342521421328928
13,R1,22,0.001185081210011524
13,R1,23,0.00013103160393939986
13,R1,24,0.00025433541802017735
13,R1,25,0.0023008999838468307
13,R1,26,2.3728577294113345e-05
13,R1,27,7.23337149613005e-06
13,R1,28,0.0001987402722221171
13,R1,29,0.0011105835453590462
13,R1,30,0.0002072711546863705
13,R1,31,4.374884599744051e-05
13,R1,32,0.0010742196350704027
13,R1,33,0.0003296990893685573
13,R1,34,0.0005509570170827368
13,R1,35,0.0018837413501236592
13,R1,36,0.0017345622296515895
13,R1,37,0.003766936789320995
13,R1,38,4.529348420346863e-05
13,R1,39,0.00022323082936489123
13,R1,40,2.4369419750876965e-06
13,R-ABC,0,0.9992142778389173
13,R-ABC,1,0.9986589816269613
13,R-ABC,2,0.992816997441609
13,R-ABC,3,0.9861585114494856
13,R-ABC,4,0.9705292565022957
13,R-ABC,5,0.9670833325846869
13,R-ABC,6,0.8979364670371403
13,R-ABC,7,0.7857571352145228
13,R-ABC,8,0.6411639638204605
13,R-ABC,9,0.6099287754381244
13,R-ABC,10,0.5686896596811857
13,R-ABC,11,0.3739051174084438
13,R-ABC,12,0.17033658427132456
13,R-ABC,13,0.07507693122702214
13,R-ABC,14,0.019945447507529284
13,R-ABC,15,0.02933616578578759
13,R-ABC,16,0.019900593096125848
13,R-ABC,17,0.007682778684452837
13,R-ABC,18,0.002479758899037717
13,R-ABC,19,0.0006922800287437375
13,R-ABC,20,0.0007306850918339798
13,R-ABC,21,0.0006765291541933615
13,R-ABC,22,5.33083049860417e-05
13,R-ABC,23,3.078759540818296e-05
13,R-ABC,24,0.0005130679814606454
13,R-ABC,25,0.00039231461304438056
13,R-ABC,26,0.0031658036743857526
13,R-ABC,27,0.006874899241413532
13,R-ABC,28,5.344390612181341e-05
13,R-ABC,29,0.0010936746495134014
13,R-ABC,30,0.0010487474440490484
13,R-ABC,31,0.00028053002953784697
13,R-ABC,32,0.002559732423581934
13,R-ABC,33,0.0002954182469836694
13,R-ABC,34,0.00044143927511864923
13,R-ABC,35,0.000350671358070045
13,R-ABC,36,0.0005713540965841176
13,R-ABC,37,0.0014443479505297672
13,R-ABC,38,7.866506401866222e-05
13,R-ABC,39,6.796367833432857e-05
13,R-ABC,40,1.7301100737138882e-05
14,M0,0,0.9386630165528668
14,M0,1,0.8903925176536982
14,M0,2,0.7489651140344439
14,M0,3,0.6807485147907993
14,M0,4,0.6510202190401823
14,M0,5,0.5909152677572276
14,M0,6,0.48070807253502135
14,M0,7,0.4168325235836766
14,M0,8,0.33677376514294255
14,M0,9,0.3083254177219747
14,M0,10,0.2647369283264695
14,M0,11,0.31815070964301195
14,M0,12,0.3147175337274247
14,M0,13,0.23901716737986933
14,M0,14,0.19745292061657332
14,M0,15,0.1905238213811201
14,M0,16,0.15640512343063193
14,M0,17,0.16619250537321706
14,M0,18,0.14047622449711658
14,M0,19,0.08671052025663878
14,M0,20,0.07394420386799831
14,M0,21,0.052372756966002396
14,M0,22,0.05283457242264226
14,M0,23,0.040714916764409734
14,M0,24,0.053405934468212374
14,M0,25,0.06619080411204203
14,M0,26,0.034229304873190224
14,M0,27,0.022079152124671174
14,M0,28,0.021582839733648163
14,M0,29,0.005694654441698634
14,M0,30,0.006341063646033051
14,M0,31,0.0025636272315308906
14,M0,32,0.009228816260456555
14,M0,33,0.0012871212360312117
14,M0,34,0.00023928783448989619
14,M0,35,0.0004793614770185912
14,M0,36,4.631708284127838e-06
14,M0,37,9.245007639966254e-06
14,M0,38,4.187437431920207e-05
14,M0,39,2.567581370207395e-05
14,M0,40,2.1587400020592356e-05
14,R1,0,0.9985063683344221
14,R1,1,0.9897730069494156
14,R1,2,0.9726921180802609
14,R1,3,0.9662527985501899
14,R1,4,0.9599192138970095
14,R1,5,0.9175127188226699
14,R1,6,0.8618885481604852
14,R1,7,0.7821393703585126
14,R1,8,0.6741571626549626
14,R1,9,0.6714530031956032
14,R1,10,0.6911003506836014
14,R1,11,0.608605255123165
14,R1,12,0.4422685910476695
14,R1,13,0.20532224759362785
14,R1,14,0.2689779452367133
14,R1,15,0.36466094814585287
14,R1,16,0.324823712543106
14,R1,17,0.14947906870365307
14,R1,18,0.02306994760297117
14,R1,19,0.014564877364528543
14,R1,20,0.07402353116710027
14,R1,21,0.04974242659914786
14,R1,22,0.058179715192480184
14,R1,23,0.018219160566915516
14,R1,24,0.0008966124177862649
14,R1,25,0.009227068049655092
14,R1,26,0.0002210422512446998
14,R1,27,0.0008816670384702646
14,R1,28,0.0014634145588694938
14,R1,29,0.0009879787852840017
14,R1,30,7.820433586791594e-06
14,R1,31,0.0017320413334128313
14,R1,32,0.0003485986721839246
14,R1,33,0.00015924232930089542
14,R1,34,0.0016124795238861606
14,R1,35,2.287479070245888e-06
14,R1,36,6.823073932245524e-05
14,R1,37,0.0015252554897948931
14,R1,38,0.00459288100964116
14,R1,39,1.998896693852565e-05
14,R1,40,0.00015937621864225176
14,R-ABC,0,0.9982326877210002
14,R-ABC,1,0.9960832141274316
14,R-ABC,2,0.9889004467471396
14,R-ABC,3,0.9770697182888067
14,R-ABC,4,0.9445507825394669
14,R-ABC,5,0.9037565899774868
14,R-ABC,6,0.8321262692841302
14,R-ABC,7,0.7088323115921683
14,R-ABC,8,0.5977840628007125
14,R-ABC,9,0.49896077461524874
14,R-ABC,10,0.40709744548393473
14,R-ABC,11,0.3515316152696274
14,R-ABC,12,0.34090554168136006
14,R-ABC,13,0.2708153373856407
14,R-ABC,14,0.20298790425442179
14,R-ABC,15,0.13585079016017249
14,R-ABC,16,0.10617834523074188
14,R-ABC,17,0.0804475348784282
14,R-ABC,18,0.025761364245311915
14,R-ABC,19,0.003575844072022394
14,R-ABC,20,0.0009334274482346405
14,R-ABC,21,2.501930755214644e-05
14,R-ABC,22,1.318830096067645e-06
14,R-ABC,23,1.0298335850273966e-05
14,R-ABC,24,3.6584882376592887e-06
14,R-ABC,25,8.44942530929843e-05
14,R-ABC,26,2.6700825964630582e-05
14,R-ABC,27,0.0002734411688332436
14,R-ABC,28,1.933919779050325e-05
14,R-ABC,29,0.00197848085390232
14,R-ABC,30,0.0010603218570509373
14,R-ABC,31,0.000330208099107545
14,R-ABC,32,0.000559395445386535
14,R-ABC,33,0.0006171489774232903
14,R-ABC,34,0.0023591379419227007
14,R-ABC,35,0.0019561132423857553
14,R-ABC,36,0.0006974227088402742
14,R-ABC,37,5.373757435051983e-07
14,R-ABC,38,0.0002332134023728421
14,R-ABC,39,0.0008523738765497971
14,R-ABC,40,0.0009100442631418833
15,M0,0,0.8889230703417306
15,M0,1,0.8662908478714342
15,M0,2,0.7759896255624665
15,M0,3,0.667875843900787
15,M0,4,0.613297165467658
15,M0,5,0.5606328180951291
15,M0,6,0.4857936115870152
15,M0,7,0.4688058981468344
15,M0,8,0.4172221708903499
15,M0,9,0.348412101782689
15,M0,10,0.34132258277872807
15,M0,11,0.2689670256103645
15,M0,12,0.277327860961974
15,M0,13,0.18477816284860413
15,M0,14,0.16582684799379302
15,M0,15,0.16524284321591148
15,M0,16,0.16065226197340837
15,M0,17,0.15367135156042866
15,M0,18,0.14530392078575044
15,M0,19,0.1172391088073731
15,M0,20,0.09924842634920134
15,M0,21,0.0596297280836017
15,M0,22,0.06063429189930273
15,M0,23,0.03057650709081452
15,M0,24,0.03454653649809359
15,M0,25,0.024847595189507913
15,M0,26,0.01755306111166258
15,M0,27,0.014557044685570375
15,M0,28,0.016526723320082856
15,M0,29,0.004646223132269491
15,M0,30,0.0013883556530482472
15,M0,31,0.002066256062226105
15,M0,32,0.0009158939667127635
15,M0,33,0.00046978378288217997
15,M0,34,2.9104763197867688e-05
15,M0,35,0.000359559437673263
15,M0,36,0.0017593406233956384
15,M0,37,0.0015484367895094782
15,M0,38,0.0006015972828506478
15,M0,39,0.004164092412973344
15,M0,40,0.0008424587908565529
15,R1,0,0.9987967261532835
15,R1,1,0.9954550877140942
15,R1,2,0.9835930701914906
15,R1,3,0.9840250033213992
15,R1,4,0.9794260417186799
15,R1,5,0.9719380290478331
15,R1,6,0.9296653002559685
15,R1,7,0.8141115483807093
15,R1,8,0.7876359230794432
15,R1,9,0.7836241843380415
15,R1,10,0.6690665738710929
15,R1,11,0.610611944080344
15,R1,12,0.3673808871336346
15,R1,13,0.285724278419987
15,R1,14,0.2895040931966954
15,R1,15,0.2220251406526173
15,R1,16,0.23102750790542417
15,R1,17,0.0477284920448488
15,R1,18,0.007653600751545469
15,R1,19,0.0014762807160136613
15,R1,20,0.004645621317737101
15,R1,21,0.003811591470206833
15,R1,22,1.4739619381795655e-08
15,R1,23,3.308570922851413e-08
15,R1,24,0.004468873771894338
15,R1,25,0.0028345773720358466
15,R1,26,0.003343851948218539
15,R1,27,0.0003046742030687391
15,R1,28,0.00017319505828565
15,R1,29,0.00015300354161302854
15,R1,30,0.00022438650042394862
15,R1,31,0.0025732015077208526
15,R1,32,0.0008451205210199122
15,R1,33,1.9353844208899266e-06
15,R1,34,0.00016017279562863807
15,R1,35,0.001086979519422868
15,R1,36,0.0011423273006031306
15,R1,37,5.9431952615266245e-05
15,R1,38,0.0008624932463940581
15,R1,39,0.002165925609004979
15,R1,40,0.00017973231816214097
15,R-ABC,0,0.9991692800941213
15,R-ABC,1,0.9967821559728581
15,R-ABC,2,0.9897131474724855
15,R-ABC,3,0.9723683030842332
15,R-ABC,4,0.9594627710763316
15,R-ABC,5,0.9311074405120321
15,R-ABC,6,0.8908929571990927
15,R-ABC,7,0.7537785627810197
15,R-ABC,8,0.6514913361268243
15,R-ABC,9,0.5450327156099071
15,R-ABC,10,0.4549092176971256
15,R-ABC,11,0.41108253069734285
15,R-ABC,12,0.2592658763000511
15,R-ABC,13,0.18082344286216825
15,R-ABC,14,0.1368408432104383
15,R-ABC,15,0.09412620486800743
15,R-ABC,16,0.04783623708752186
15,R-ABC,17,0.003641469571304079
15,R-ABC,18,0.008391107981888713
15,R-ABC,19,0.0022499305708671763
15,R-ABC,20,0.002059068704597392
15,R-ABC,21,0.0012767050630872506
15,R-ABC,22,0.0008033970856494336
15,R-ABC,23,6.455873975899598e-05
15,R-ABC,24,0.0004511546843631795
15,R-ABC,25,0.0008860313651032962
15,R-ABC,26,0.0022961201031791215
15,R-ABC,27,0.00033886186619486874
15,R-ABC,28,3.8458133375848035e-05
15,R-ABC,29,3.1638679475088977e-10
15,R-ABC,30,0.002646509303246146
15,R-ABC,31,2.852910327151836e-06
15,R-ABC,32,0.0027848376686591143
15,R-ABC,33,0.00010062714609237089
15,R-ABC,34,5.570494018176643e-05
15,R-ABC,35,0.0013225804398139273
15,R-ABC,36,0.00011672184795604259
15,R-ABC,37,4.15858960292688e-05
15,R-ABC,38,0.0005535525581248427
15,R-ABC,39,5.497052457277883e-06
15,R-ABC,40,0.0007412023908051356
16,M0,0,0.862861986541504
16,M0,1,0.8252014144851085
16,M0,2,0.7114572947086386
16,M0,3,0.5823102101013868
16,M0,4,0.5068902990751452
16,M0,5,0.4719717648712086
16,M0,6,0.4137932148444165
16,M0,7,0.3649815443828901
16,M0,8,0.35271847524065525
16,M0,9,0.2984839847756457
16,M0,10,0.2905207253784002
16,M0,11,0.2787322439372389
16,M0,12,0.2412012886404552
16,M0,13,0.19343421086360232
16,M0,14,0.20885522663682032
16,M0,15,0.19379886786238254
16,M0,16,0.1450642554338183
16,M0,17,0.13310123809187124
16,M0,18,0.1026303382146491
16,M0,19,0.07749571399891882
16,M0,20,0.08142379734285184
16,M0,21,0.06642323662497798
16,M0,22,0.05241315140998394
16,M0,23,0.03420841774886182
16,M0,24,0.04606570333656599
16,M0,25,0.0367503989162354
16,M0,26,0.0379085294444698
16,M0,27,0.003874203081748531
16,M0,28,0.006051217879427113
16,M0,29,0.00034766655393938324
16,M0,30,0.000947672085574805
16,M0,31,0.005162358134706135
16,M0,32,0.001942031900485349
16,M0,33,0.0005529488928504444
16,M0,34,0.0022759277542929186
16,M0,35,0.0038073953921224017
16,M0,36,0.002302715064748426
16,M0,37,0.0025277402459137526
16,M0,38,0.0006029871419309049
16,M0,39,7.459069595691437e-05
16,M0,40,0.0005855782497389469
16,R1,0,0.9980809155569209
16,R1,1,0.9941662286196004
16,R1,2,0.9800549107577974
16,R1,3,0.9788797535815061
16,R1,4,0.9707121201456145
16,R1,5,0.9594252927803985
16,R1,6,0.9239190269478356
16,R1,7,0.8409336522998669
16,R1,8,0.7490812200358744
16,R1,9,0.8031500885569011
16,R1,10,0.7250836444692995
16,R1,11,0.6623242554927078
16,R1,12,0.431075190901838
16,R1,13,0.34106976785421744
16,R1,14,0.30158392117773053
16,R1,15,0.3570399383233743
16,R1,16,0.2566562013043202
16,R1,17,0.107927272284508
16,R1,18,0.02014634899029218
16,R1,19,0.0038717469365829914
16,R1,20,0.01899206094383857
16,R1,21,0.002387731300682725
16,R1,22,0.007444846720478581
16,R1,23,0.0011493396800657716
16,R1,24,3.872412699361916e-06
16,R1,25,0.000696451954845663
16,R1,26,0.00010208301283589488
16,R1,27,2.2117297000964284e-06
16,R1,28,0.0013485516668813047
16,R1,29,6.027306817160698e-05
16,R1,30,0.00011709685997086158
16,R1,31,0.00045050060639349504
16,R1,32,9.588646271632122e-05
16,R1,33,0.001226340232571778
16,R1,34,0.0011391296201155845
16,R1,35,0.002724344210829711
16,R1,36,0.0020929474271933987
16,R1,37,0.0009550802668807088
16,R1,38,0.0013865486104618055
16,R1,39,0.00257053136426128
16,R1,40,0.003729228548864107
16,R-ABC,0,0.9981536434509559
16,R-ABC,1,0.993911383602436
16,R-ABC,2,0.9828582666197959
16,R-ABC,3,0.9695131075340226
16,R-ABC,4,0.9418101756509768
16,R-ABC,5,0.8843019900658776
16,R-ABC,6,0.8576428373446661
16,R-ABC,7,0.7793113114014523
16,R-ABC,8,0.6489212539242103
16,R-ABC,9,0.5931518531912523
16,R-ABC,10,0.41668596892365456
16,R-ABC,11,0.3703524701454272
16,R-ABC,12,0.29356385679536573
16,R-ABC,13,0.1792578927948003
16,R-ABC,14,0.1701976980678092
16,R-ABC,15,0.0890386336072248
16,R-ABC,16,0.031670885651601255
16,R-ABC,17,0.03848474951116469
16,R-ABC,18,0.0028807856743011564
16,R-ABC,19,0.001670122875978585
16,R-ABC,20,0.0019843844232640736
16,R-ABC,21,0.0001726594878820886
16,R-ABC,22,0.0012948026583466268
16,R-ABC,23,1.4167388947086622e-05
16,R-ABC,24,0.00012502568191440032
16,R-ABC,25,2.7613286857118813e-05
16,R-ABC,26,0.0005141346372374266
16,R-ABC,27,8.790160536114612e-05
16,R-ABC,28,2.5954184291821996e-05
16,R-ABC,29,3.94537204878734e-05
16,R-ABC,30,0.001589071404219295
16,R-ABC,31,1.8399327518190856e-05
16,R-ABC,32,0.002191677573892361
16,R-ABC,33,0.002269253813312999
16,R-ABC,34,0.004603340463482452
16,R-ABC,35,0.004692322826669846
16,R-ABC,36,0.0033056622983224956
16,R-ABC,37,0.0021504613816098654
16,R-ABC,38,4.614777273186365e-05
16,R-ABC,39,0.00019805501979137607
16,R-ABC,40,0.0033449685071501936
17,M0,0,0.8558120328245401
17,M0,1,0.8008048773085747
17,M0,2,0.672027027592089
17,M0,3,0.5568880628099473
17,M0,4,0.5050119554626389
17,M0,5,0.44935558923151814
17,M0,6,0.40029346881118627
17,M0,7,0.3757002837846139
17,M0,8,0.3700995120769646
17,M0,9,0.285921078561897
17,M0,10,0.24328618737278815
17,M0,11,0.18598573469790175
17,M0,12,0.1880250290018248
17,M0,13,0.22018479888481735
17,M0,14,0.20443293583084296
17,M0,15,0.15836058680684492
17,M0,16,0.12268934151850015
17,M0,17,0.13255408255633971
17,M0,18,0.09117784846908947
17,M0,19,0.08205607537713785
17,M0,20,0.06384543960653748
17,M0,21,0.051872472655318566
17,M0,22,0.05152984978970864
17,M0,23,0.03910909035210258
17,M0,24,0.04207062907843957
17,M0,25,0.03823648377670937
17,M0,26,0.014995517989842942
17,M0,27,0.0224444363112645
17,M0,28,0.022265510062244486
17,M0,29,0.013886310455099414
17,M0,30,0.008896210697912342
17,M0,31,0.007922390122788054
17,M0,32,0.00851623808965305
17,M0,33,0.020585633079826766
17,M0,34,0.009765678655192242
17,M0,35,0.0021358236713155975
17,M0,36,0.00785915828549357
17,M0,37,0.013436503524815875
17,M0,38,0.005400956417282959
17,M0,39,0.0007603251438836015
17,M0,40,0.00040288535621230473
17,R1,0,0.997921986357172
17,R1,1,0.9922455023400403
17,R1,2,0.9695247921557835
17,R1,3,0.9669454325127481
17,R1,4,0.9635578601457322
17,R1,5,0.9286663865376934
17,R1,6,0.8790108969270086
17,R1,7,0.7444633317427333
17,R1,8,0.6752984808149887
17,R1,9,0.6790725518171634
17,R1,10,0.6569843943137478
17,R1,11,0.6221772895939602
17,R1,12,0.3893559266953932
17,R1,13,0.17557063558507074
17,R1,14,0.2812048739884831
17,R1,15,0.32246615257982064
17,R1,16,0.3184928839599669
17,R1,17,0.159180808763912
17,R1,18,0.03013160925156453
17,R1,19,0.02579106183391069
17,R1,20,0.05534904048277956
17,R1,21,0.03896900769399725
17,R1,22,0.02036262761058163
17,R1,23,0.001022596026378679
17,R1,24,0.00022724746638117915
17,R1,25,0.0010504043541543888
17,R1,26,0.011134193638999115
17,R1,27,0.004748891602661263
17,R1,28,6.149512258778471e-06
17,R1,29,3.14077203512693e-05
17,R1,30,0.00018708584546524645
17,R1,31,0.0005173533983857029
17,R1,32,0.0009587191936937455
17,R1,33,5.290307464358956e-05
17,R1,34,0.00044818278074866834
17,R1,35,0.0005476773964997904
17,R1,36,0.009301937444114112
17,R1,37,0.00017054420740355758
17,R1,38,6.413897146099647e-06
17,R1,39,3.389445460269021e-05
17,R1,40,0.0012555752780048176
17,R-ABC,0,0.997781827358387
17,R-ABC,1,0.9956447293448977
17,R-ABC,2,0.9842436563360217
17,R-ABC,3,0.9675721526268687
17,R-ABC,4,0.9376768602095799
17,R-ABC,5,0.8871379169678217
17,R-ABC,6,0.8158553448525073
17,R-ABC,7,0.7443759607902837
17,R-ABC,8,0.6346403629709466
17,R-ABC,9,0.5679297607033971
17,R-ABC,10,0.47813346117708444
17,R-ABC,11,0.3132074037430284
17,R-ABC,12,0.21716131809821074
17,R-ABC,13,0.1957876059238364
17,R-ABC,14,0.10089710218700608
17,R-ABC,15,0.08605733262731179
17,R-ABC,16,0.04834005414159524
17,R-ABC,17,0.026017846186471297
17,R-ABC,18,0.0042744785999243905
17,R-ABC,19,0.002121859272893373
17,R-ABC,20,0.005773462540519689
17,R-ABC,21,0.0038610666510620426
17,R-ABC,22,0.0011149174681902752
17,R-ABC,23,0.009195865022179887
17,R-ABC,24,0.008141285475760894
17,R-ABC,25,0.011388677991001185
17,R-ABC,26,0.00016127630275456905
17,R-ABC,27,0.0004755250642628644
17,R-ABC,28,0.0005856615655605604
17,R-ABC,29,4.827833275383698e-05
17,R-ABC,30,0.0009077647810108745
17,R-ABC,31,0.0003990164913654346
17,R-ABC,32,1.1024936258266867e-06
17,R-ABC,33,0.00042809861124527853
17,R-ABC,34,0.0011230585551580763
17,R-ABC,35,0.0032683574656122015
17,R-ABC,36,1.5405946294906205e-08
17,R-ABC,37,5.434160203539959e-05
17,R-ABC,38,0.0016901516530260724
17,R-ABC,39,0.0016386602480508608
17,R-ABC,40,0.0002687843250658865
18,M0,0,0.8896871125619062
18,M0,1,0.8807696314171649
18,M0,2,0.769391066004462
18,M0,3,0.6850784081177395
18,M0,4,0.663446152155355
18,M0,5,0.5786868316048536
18,M0,6,0.5060226174020614
18,M0,7,0.504534194223704
18,M0,8,0.4281985382244818
18,M0,9,0.322647961807161
18,M0,10,0.31222276658379955
18,M0,11,0.24016600572713467
18,M0,12,0.27321679521766284
18,M0,13,0.2827656630203451
18,M0,14,0.1603442287344724
18,M0,15,0.11127638711441654
18,M0,16,0.07889003772814056
18,M0,17,0.06793089296655146
18,M0,18,0.034111277670396636
18,M0,19,0.022844143637156273
18,M0,20,0.020636842237661913
18,M0,21,0.0033913804241138966
18,M0,22,0.022684160452300678
18,M0,23,0.008895093440403899
18,M0,24,0.0006511045405202999
18,M0,25,7.49266532382907e-05
18,M0,26,0.0001787345613210892
18,M0,27,0.008383963944939416
18,M0,28,0.0009221024597768103
18,M0,29,0.007967757024420558
18,M0,30,0.0052253395837243595
18,M0,31,0.000921404018185271
18,M0,32,0.0005268307895329579
18,M0,33,0.00012781266754424754
18,M0,34,1.7507959579475887e-05
18,M0,35,0.0016582342803537745
18,M0,36,0.00031765237611402645
18,M0,37,0.00016842978298145953
18,M0,38,1.0830985778877516e-05
18,M0,39,0.00012828067708628795
18,M0,40,0.0024952436092856903
18,R1,0,0.998259835862818
18,R1,1,0.9942799064864382
18,R1,2,0.986732079375802
18,R1,3,0.9834220168494069
18,R1,4,0.9721612896683979
18,R1,5,0.9639892003433471
18,R1,6,0.8770480237821285
18,R1,7,0.8106897735984434
18,R1,8,0.7560236318458209
18,R1,9,0.7249970968624057
18,R1,10,0.7166571178741421
18,R1,11,0.6013486871288158
18,R1,12,0.27655991743562436
18,R1,13,0.23063017135150932
18,R1,14,0.15744884040435167
18,R1,15,0.17073734363236018
18,R1,16,0.10551525515327964
18,R1,17,0.09605628105796328
18,R1,18,0.01192883770903271
18,R1,19,0.00042711995788826025
18,R1,20,9.4854976573958e-07
18,R1,21,0.0042765131717939315
18,R1,22,0.00673779125036045
18,R1,23,0.001142070526318522
18,R1,24,3.2015274126641578e-06
18,R1,25,0.003499093277080432
18,R1,26,0.0017069490549222752
18,R1,27,2.523875205043577e-05
18,R1,28,0.0003881954684294291
18,R1,29,0.003767193895502196
18,R1,30,0.005095135478121548
18,R1,31,0.0012211499719272578
18,R1,32,0.0014707995573416425
18,R1,33,0.0002696745795829851
18,R1,34,0.00017252941184135807
18,R1,35,9.854122179312701e-05
18,R1,36,7.759071873514591e-08
18,R1,37,0.00034540867701767425
18,R1,38,0.00017793298656865723
18,R1,39,0.0001254661849651258
18,R1,40,0.0014082149493041766
18,R-ABC,0,0.9990922209802222
18,R-ABC,1,0.9963643575324744
18,R-ABC,2,0.9894901186114441
18,R-ABC,3,0.9700231458892202
18,R-ABC,4,0.9530210892976306
18,R-ABC,5,0.9239368819905855
18,R-ABC,6,0.8851681833525568
18,R-ABC,7,0.767623202271451
18,R-ABC,8,0.7435897231528601
18,R-ABC,9,0.5882759989221122
18,R-ABC,10,0.4710421517236764
18,R-ABC,11,0.2514297444245086
18,R-ABC,12,0.19202218690941975
18,R-ABC,13,0.17658677547347082
18,R-ABC,14,0.07496826303980197
18,R-ABC,15,0.04151035162584692
18,R-ABC,16,0.01549302113912375
18,R-ABC,17,0.0015265760214204364
18,R-ABC,18,3.6598956613784264e-05
18,R-ABC,19,0.00017285731130896637
18,R-ABC,20,0.005383751177371049
18,R-ABC,21,0.00432527352260377
18,R-ABC,22,1.9682684944659525e-05
18,R-ABC,23,9.985519564183228e-05
18,R-ABC,24,0.0015057036423318092
18,R-ABC,25,0.00025099162060363727
18,R-ABC,26,0.0005503287869971118
18,R-ABC,27,0.0004144402770517549
18,R-ABC,28,0.0013897673534653968
18,R-ABC,29,0.00018970647531040956
18,R-ABC,30,0.0007327722224547621
18,R-ABC,31,0.002131188015548818
18,R-ABC,32,4.982930434266993e-06
18,R-ABC,33,0.00036343258995702584
18,R-ABC,34,0.000428683601993247
18,R-ABC,35,0.0030644065770655776
18,R-ABC,36,0.0006137768630865132
18,R-ABC,37,0.0028726204485586488
18,R-ABC,38,0.0021370946206651525
18,R-ABC,39,0.000585368281299233
18,R-ABC,40,0.0003495235763752007
19,M0,0,0.9081561561237564
19,M0,1,0.8690014577043146
19,M0,2,0.7592244211790722
19,M0,3,0.638052407193249
19,M0,4,0.5720698485987081
19,M0,5,0.5022195345449811
19,M0,6,0.46311570136718627
19,M0,7,0.432368255482319
19,M0,8,0.37345959827967967
19,M0,9,0.32845657838367903
19,M0,10,0.30411799643514326
19,M0,11,0.300456736515395
19,M0,12,0.2644301706776762
19,M0,13,0.21935204436911077
19,M0,14,0.16147819472602407
19,M0,15,0.13107221718310375
19,M0,16,0.13351082274716397
19,M0,17,0.11183653683419448
19,M0,18,0.08995466240510361
19,M0,19,0.057888149580402656
19,M0,20,0.05663433046034406
19,M0,21,0.04846692539743634
19,M0,22,0.047133057270745626
19,M0,23,0.04476110862150283
19,M0,24,0.033460494005283975
19,M0,25,0.015674137038240336
19,M0,26,0.01574821301750847
19,M0,27,0.012560179692441144
19,M0,28,0.0083759936475123
19,M0,29,0.008610926392991112
19,M0,30,0.01580987277109194
19,M0,31,0.02765055327450781
19,M0,32,0.025819068124413688
19,M0,33,0.00856054637177423
19,M0,34,0.004826946468667926
19,M0,35,0.00251030122925443
19,M0,36,0.006680878942637564
19,M0,37,0.008627917942110834
19,M0,38,0.012194157144369309
19,M0,39,0.0019223937155970544
19,M0,40,0.0018193642375328772
19,R1,0,0.9984607726543346
19,R1,1,0.9960294943078899
19,R1,2,0.9882201761754257
19,R1,3,0.9809339620334349
19,R1,4,0.9787724173954526
19,R1,5,0.9619546752726321
19,R1,6,0.941336364732068
19,R1,7,0.8434629484167361
19,R1,8,0.7732308848642843
19,R1,9,0.7239533648330059
19,R1,10,0.7426355852040033
19,R1,11,0.6572973976410184
19,R1,12,0.3856423844781238
19,R1,13,0.23886980383100384
19,R1,14,0.13405973832810295
19,R1,15,0.23264013607606623
19,R1,16,0.11212474006128298
19,R1,17,0.058746840415764244
19,R1,18,0.0181023339497104
19,R1,19,0.0021205700529194076
19,R1,20,0.006878625275090891
19,R1,21,0.00845068288734627
19,R1,22,0.001006406782511503
19,R1,23,2.6845798927495525e-05
19,R1,24,6.403917511954843e-07
19,R1,25,7.431656403994787e-05
19,R1,26,0.003360019396072251
19,R1,27,0.0004054467193102558
19,R1,28,5.330358912636094e-06
19,R1,29,0.00042292334063294326
19,R1,30,0.0004682498728241324
19,R1,31,0.0022294303477990466
19,R1,32,0.00022351850327122493
19,R1,33,0.0025061018228624
19,R1,34,0.0016036218791440188
19,R1,35,0.0015263847715903409
19,R1,36,0.0012182535020647254
19,R1,37,1.399997940838791e-07
19,R1,38,3.646258846484235e-11
19,R1,39,0.00033572405640708915
19,R1,40,0.0014409277273667487
19,R-ABC,0,0.9987740853938987
19,R-ABC,1,0.9960774706334667
19,R-ABC,2,0.9897336887596728
19,R-ABC,3,0.9764242519129132
19,R-ABC,4,0.9600012939528013
19,R-ABC,5,0.926930820241271
19,R-ABC,6,0.8928717665147811
19,R-ABC,7,0.7890661834213354
19,R-ABC,8,0.6635735169091463
19,R-ABC,9,0.5648344733402016
19,R-ABC,10,0.47899611355818966
19,R-ABC,11,0.4216587223595218
19,R-ABC,12,0.3222765679384264
19,R-ABC,13,0.21521162247085238
19,R-ABC,14,0.11497962182768333
19,R-ABC,15,0.07100555497173341
19,R-ABC,16,0.02701733977272519
19,R-ABC,17,0.0054360664403657905
19,R-ABC,18,0.0030813371339732712
19,R-ABC,19,0.0017182394215317324
19,R-ABC,20,0.004061351597460774
19,R-ABC,21,5.560402702930583e-05
19,R-ABC,22,5.8625894909626996e-05
19,R-ABC,23,2.1105710845592044e-07
19,R-ABC,24,0.0005511148928145598
19,R-ABC,25,0.0020183912090443743
19,R-ABC,26,1.0044894026232529e-05
19,R-ABC,27,0.0017643598884266843
19,R-ABC,28,0.0001345581719382385
19,R-ABC,29,1.706702587324561e-06
19,R-ABC,30,0.003605675504161801
19,R-ABC,31,3.2857287679006794e-06
19,R-ABC,32,0.002542097621955135
19,R-ABC,33,1.1850690842604492e-05
19,R-ABC,34,8.62312006937662e-06
19,R-ABC,35,0.003093688818039847
19,R-ABC,36,0.004699810355006413
19,R-ABC,37,9.06649432101847e-05
19,R-ABC,38,0.0003135776848966203
19,R-ABC,39,0.00014705157804466914
19,R-ABC,40,0.009774947637032095
