family,metric,task,comparison,n_common,n_positional,n_changed_vs_positional,misaligned_seeds,inconclusive_lt_min,mean_diff_a_minus_b,ci95_lo,ci95_hi,cohen_dz,wins,losses,p_wilcoxon,p_wilcoxon_holm,ci_excludes_zero,significant,mean_a,mean_b,n_a,n_b,seeds_a_only,seeds_b_only,seeds_common
capacity,capacity,p1_0,AB-noaux-kraus vs M0-noaux,20,20,False,0,False,0.0926329709679291,0.0790255291700706,0.10563258148617098,3.0086786125508445,20,0,1.9073486328125e-06,0.0003643035888671875,True,True,0.9998941143034303,0.9072611433355012,20,20,-,-,"0,1,2,3,4,5,6,7,8,9,10,11,12,13,14,15,16,17,18,19"
capacity,capacity,p1_0,ABC-noaux-kraus vs M0-noaux,20,20,False,0,False,0.09262169811234981,0.07899846108225496,0.10563540119255874,3.0072608989656837,20,0,1.9073486328125e-06,0.0003643035888671875,True,True,0.999882841447851,0.9072611433355012,20,20,-,-,"0,1,2,3,4,5,6,7,8,9,10,11,12,13,14,15,16,17,18,19"
capacity,capacity,p1_0,ABC-noaux-kraus vs AB-noaux-kraus,20,20,False,0,False,-1.1272855579275154e-05,-2.3443220860288607e-05,-4.259713368566514e-07,-0.4069083461724432,7,13,0.10539817810058594,1.0,True,False,0.999882841447851,0.9998941143034303,20,20,-,-,"0,1,2,3,4,5,6,7,8,9,10,11,12,13,14,15,16,17,18,19"
capacity,capacity,p1_0,ABC-noaux-tied vs ABC-noaux-hierarchical,20,20,False,0,False,-0.0024515917130582265,-0.0027002419870164047,-0.0022009275647762658,-4.0649192457450685,0,20,1.9073486328125e-06,0.0003643035888671875,True,True,0.9974312497347929,0.999882841447851,20,20,-,-,"0,1,2,3,4,5,6,7,8,9,10,11,12,13,14,15,16,17,18,19"
capacity,capacity,p1_0,ABC-noaux-kraus vs ABC-noaux-shuffled-history,20,20,False,0,False,0.0001711235936897204,0.0001317182430683976,0.0002076926055017293,1.9867465162328368,20,0,1.9073486328125e-06,0.0003643035888671875,True,True,0.999882841447851,0.9997117178541612,20,20,-,-,"0,1,2,3,4,5,6,7,8,9,10,11,12,13,14,15,16,17,18,19"
capacity,capacity,p1_0,AB-embedded vs AB-Markov,20,20,False,0,False,-0.0011717658582263257,-0.0013362543323125911,-0.001028743859155736,-3.2174768227748936,0,20,1.9073486328125e-06,0.0003643035888671875,True,True,0.9983647917264843,0.9995365575847105,20,20,-,-,"0,1,2,3,4,5,6,7,8,9,10,11,12,13,14,15,16,17,18,19"
capacity,capacity,p1_0,ABC-embedded-hierarchical vs AB-embedded,20,20,False,0,False,0.00035562829367726255,0.00018687768020048915,0.0005352979034452401,0.8924523382694919,16,4,0.0007076263427734375,0.038211822509765625,True,True,0.9987204200201616,0.9983647917264843,20,20,-,-,"0,1,2,3,4,5,6,7,8,9,10,11,12,13,14,15,16,17,18,19"
capacity,capacity,p1_0,ABC-embedded-hierarchical vs ABC-embedded-tied,20,20,False,0,False,-0.00047196129051086945,-0.000631626338777309,-0.00030701225384000626,-1.2388997134702278,2,18,1.9073486328125e-05,0.001316070556640625,True,True,0.9987204200201616,0.9991923813106723,20,20,-,-,"0,1,2,3,4,5,6,7,8,9,10,11,12,13,14,15,16,17,18,19"
capacity,capacity,p1_0,ABC-embedded-hierarchical vs ABC-Markov,20,20,False,0,False,-0.0008161429684196697,-0.0009617844727919381,-0.000674597584112836,-2.4094909281850754,0,20,1.9073486328125e-06,0.0003643035888671875,True,True,0.9987204200201616,0.9995365629885811,20,20,-,-,"0,1,2,3,4,5,6,7,8,9,10,11,12,13,14,15,16,17,18,19"
capacity,capacity,p1_0,ABC-embedded-hierarchical vs ABC-embedded-C-off,20,20,False,0,False,-0.0006612894066232999,-0.0008217766420406244,-0.0005099618190671443,-1.7725565277217403,0,20,1.9073486328125e-06,0.0003643035888671875,True,True,0.9987204200201616,0.9993817094267851,20,20,-,-,"0,1,2,3,4,5,6,7,8,9,10,11,12,13,14,15,16,17,18,19"
capacity,capacity,p1_0,ABC-embedded-hierarchical vs ABC-noaux-hierarchical,20,20,False,0,False,-0.0011624214276895583,-0.0013291009769514407,-0.0010009338859697512,-2.9482578512681994,0,20,1.9073486328125e-06,0.0003643035888671875,True,True,0.9987204200201616,0.999882841447851,20,20,-,-,"0,1,2,3,4,5,6,7,8,9,10,11,12,13,14,15,16,17,18,19"
capacity,capacity,p1_0,AB-embedded vs AB-noaux-kraus,20,20,False,0,False,-0.001529322576946096,-0.0016907882022531497,-0.0013783166396517063,-4.107850115882404,0,20,1.9073486328125e-06,0.0003643035888671875,True,True,0.9983647917264843,0.9998941143034303,20,20,-,-,"0,1,2,3,4,5,6,7,8,9,10,11,12,13,14,15,16,17,18,19"
capacity,capacity,p1_0_10,AB-noaux-kraus vs M0-noaux,20,20,False,0,False,0.8436046917901805,0.8313765146584605,0.8565983028981823,28.12228962771178,20,0,1.9073486328125e-06,0.0003643035888671875,True,True,0.9038749676716769,0.060270275881496305,20,20,-,-,"0,1,2,3,4,5,6,7,8,9,10,11,12,13,14,15,16,17,18,19"
capacity,capacity,p1_0_10,ABC-noaux-kraus vs M0-noaux,20,20,False,0,False,0.9072216870746745,0.899743603452315,0.915656484235996,48.01685138317258,20,0,1.9073486328125e-06,0.0003643035888671875,True,True,0.967491962956171,0.060270275881496305,20,20,-,-,"0,1,2,3,4,5,6,7,8,9,10,11,12,13,14,15,16,17,18,19"
capacity,capacity,p1_0_10,ABC-noaux-kraus vs AB-noaux-kraus,20,20,False,0,False,0.06361699528449419,0.05556763072162854,0.07248534992983355,3.2329256545397933,20,0,1.9073486328125e-06,0.0003643035888671875,True,True,0.967491962956171,0.9038749676716769,20,20,-,-,"0,1,2,3,4,5,6,7,8,9,10,11,12,13,14,15,16,17,18,19"
capacity,capacity,p1_0_10,ABC-noaux-tied vs ABC-noaux-hierarchical,20,20,False,0,False,-0.8660199780949821,-0.8780026774796581,-0.8515630747051679,-28.109918021414554,0,20,1.9073486328125e-06,0.0003643035888671875,True,True,0.10147198486118902,0.967491962956171,20,20,-,-,"0,1,2,3,4,5,6,7,8,9,10,11,12,13,14,15,16,17,18,19"
capacity,capacity,p1_0_10,ABC-noaux-kraus vs ABC-noaux-shuffled-history,20,20,False,0,False,0.966447602186064,0.9637304335030396,0.9691176994992713,154.01505897191336,20,0,1.9073486328125e-06,0.0003643035888671875,True,True,0.967491962956171,0.0010443607701069368,20,20,-,-,"0,1,2,3,4,5,6,7,8,9,10,11,12,13,14,15,16,17,18,19"
capacity,capacity,p1_0_10,AB-embedded vs AB-Markov,20,20,False,0,False,0.2788750632257321,0.24836003026947348,0.3085729093692036,3.956716010245819,20,0,1.9073486328125e-06,0.0003643035888671875,True,True,0.2803747036403388,0.0014996404146067877,20,20,-,-,"0,1,2,3,4,5,6,7,8,9,10,11,12,13,14,15,16,17,18,19"
capacity,capacity,p1_0_10,ABC-embedded-hierarchical vs AB-embedded,20,20,False,0,False,-0.19037747316119452,-0.21876818552986033,-0.1626140046708896,-2.9021081527305785,0,20,1.9073486328125e-06,0.0003643035888671875,True,True,0.08999723047914426,0.2803747036403388,20,20,-,-,"0,1,2,3,4,5,6,7,8,9,10,11,12,13,14,15,16,17,18,19"
capacity,capacity,p1_0_10,ABC-embedded-hierarchical vs ABC-embedded-tied,20,20,False,0,False,-0.3019099838734092,-0.3254509998714014,-0.27693260144791887,-5.312917986577219,0,20,1.9073486328125e-06,0.0003643035888671875,True,True,0.08999723047914426,0.3919072143525535,20,20,-,-,"0,1,2,3,4,5,6,7,8,9,10,11,12,13,14,15,16,17,18,19"
capacity,capacity,p1_0_10,ABC-embedded-hierarchical vs ABC-Markov,20,20,False,0,False,0.08849800143119815,0.07501936148860708,0.10159526670357866,2.8647029388290712,20,0,1.9073486328125e-06,0.0003643035888671875,True,True,0.08999723047914426,0.0014992290479461125,20,20,-,-,"0,1,2,3,4,5,6,7,8,9,10,11,12,13,14,15,16,17,18,19"
capacity,capacity,p1_0_10,ABC-embedded-hierarchical vs ABC-embedded-C-off,20,20,False,0,False,0.08851965033481629,0.07471874771083284,0.10179206769561286,2.8130879681452883,20,0,1.9073486328125e-06,0.0003643035888671875,True,True,0.08999723047914426,0.0014775801443279583,20,20,-,-,"0,1,2,3,4,5,6,7,8,9,10,11,12,13,14,15,16,17,18,19"
capacity,capacity,p1_0_10,ABC-embedded-hierarchical vs ABC-noaux-hierarchical,20,20,False,0,False,-0.8774947324770267,-0.891455951746746,-0.8640629061166472,-27.098308870038714,0,20,1.9073486328125e-06,0.0003643035888671875,True,True,0.08999723047914426,0.967491962956171,20,20,-,-,"0,1,2,3,4,5,6,7,8,9,10,11,12,13,14,15,16,17,18,19"
capacity,capacity,p1_0_10,AB-embedded vs AB-noaux-kraus,20,20,False,0,False,-0.623500264031338,-0.6601885660857066,-0.5864718694978166,-7.223689484213827,0,20,1.9073486328125e-06,0.0003643035888671875,True,True,0.2803747036403388,0.9038749676716769,20,20,-,-,"0,1,2,3,4,5,6,7,8,9,10,11,12,13,14,15,16,17,18,19"
capacity,capacity,p1_0_10_30,AB-noaux-kraus vs M0-noaux,20,20,False,0,False,0.0019294605129259964,0.0009428575206385582,0.0031072223753502047,0.7849401133159835,17,3,0.0001678466796875,0.009735107421875,True,True,0.00297885947624238,0.0010493989633163837,20,20,-,-,"0,1,2,3,4,5,6,7,8,9,10,11,12,13,14,15,16,17,18,19"
capacity,capacity,p1_0_10_30,ABC-noaux-kraus vs M0-noaux,20,20,False,0,False,0.33481482773186233,0.3046175479191125,0.36335376083325405,4.98276380712432,20,0,1.9073486328125e-06,0.0003643035888671875,True,True,0.33586422669517874,0.0010493989633163837,20,20,-,-,"0,1,2,3,4,5,6,7,8,9,10,11,12,13,14,15,16,17,18,19"
capacity,capacity,p1_0_10_30,ABC-noaux-kraus vs AB-noaux-kraus,20,20,False,0,False,0.33288536721893636,0.302480549528448,0.36182060524474763,4.890219407452446,20,0,1.9073486328125e-06,0.0003643035888671875,True,True,0.33586422669517874,0.00297885947624238,20,20,-,-,"0,1,2,3,4,5,6,7,8,9,10,11,12,13,14,15,16,17,18,19"
capacity,capacity,p1_0_10_30,ABC-noaux-tied vs ABC-noaux-hierarchical,20,20,False,0,False,-0.33420735835901255,-0.3627799424816013,-0.30412806867808084,-4.969726098184856,0,20,1.9073486328125e-06,0.0003643035888671875,True,True,0.0016568683361661556,0.33586422669517874,20,20,-,-,"0,1,2,3,4,5,6,7,8,9,10,11,12,13,14,15,16,17,18,19"
capacity,capacity,p1_0_10_30,ABC-noaux-kraus vs ABC-noaux-shuffled-history,20,20,False,0,False,0.33458857271593406,0.30436885388651563,0.3631456280128673,4.967877375447615,20,0,1.9073486328125e-06,0.0003643035888671875,True,True,0.33586422669517874,0.001275653979244585,20,20,-,-,"0,1,2,3,4,5,6,7,8,9,10,11,12,13,14,15,16,17,18,19"
capacity,capacity,p1_0_10_30,AB-embedded vs AB-Markov,20,20,False,0,False,-0.00032708816732886367,-0.0012284628156120525,0.0005249997026208647,-0.1631198535168528,10,10,0.7011814117431641,1.0,False,False,0.0012631714345455619,0.001590259601874426,20,20,-,-,"0,1,2,3,4,5,6,7,8,9,10,11,12,13,14,15,16,17,18,19"
capacity,capacity,p1_0_10_30,ABC-embedded-hierarchical vs AB-embedded,20,20,False,0,False,-0.00013071751538636098,-0.0005955813502022532,0.0003554604313120282,-0.12292441140071575,10,10,0.7011814117431641,1.0,False,False,0.0011324539191592013,0.0012631714345455619,20,20,-,-,"0,1,2,3,4,5,6,7,8,9,10,11,12,13,14,15,16,17,18,19"
capacity,capacity,p1_0_10_30,ABC-embedded-hierarchical vs ABC-embedded-tied,20,20,False,0,False,-0.0007544814087016743,-0.0024486956365311063,0.0004470729214175121,-0.20779107782148637,11,9,0.8408222198486328,1.0,False,False,0.0011324539191592013,0.0018869353278608756,20,20,-,-,"0,1,2,3,4,5,6,7,8,9,10,11,12,13,14,15,16,17,18,19"
capacity,capacity,p1_0_10_30,ABC-embedded-hierarchical vs ABC-Markov,20,20,False,0,False,-0.00045760636459579913,-0.0015505403852984817,0.00042174250628512864,-0.20288311784053414,9,11,0.6476554870605469,1.0,False,False,0.0011324539191592013,0.001590060283755,20,20,-,-,"0,1,2,3,4,5,6,7,8,9,10,11,12,13,14,15,16,17,18,19"
capacity,capacity,p1_0_10_30,ABC-embedded-hierarchical vs ABC-embedded-C-off,20,20,False,0,False,-3.288040948917072e-06,-0.0008185313209531806,0.000743371408366895,-0.001794359268036628,12,8,0.7561664581298828,1.0,False,False,0.0011324539191592013,0.0011357419601081185,20,20,-,-,"0,1,2,3,4,5,6,7,8,9,10,11,12,13,14,15,16,17,18,19"
capacity,capacity,p1_0_10_30,ABC-embedded-hierarchical vs ABC-noaux-hierarchical,20,20,False,0,False,-0.3347317727760195,-0.36333397893438196,-0.3043806612525968,-4.984441608555468,0,20,1.9073486328125e-06,0.0003643035888671875,True,True,0.0011324539191592013,0.33586422669517874,20,20,-,-,"0,1,2,3,4,5,6,7,8,9,10,11,12,13,14,15,16,17,18,19"
capacity,capacity,p1_0_10_30,AB-embedded vs AB-noaux-kraus,20,20,False,0,False,-0.0017156880416968182,-0.0030956511071235193,-0.00042219509438002316,-0.5584005649436451,7,13,0.023950576782226562,1.0,True,False,0.0012631714345455619,0.00297885947624238,20,20,-,-,"0,1,2,3,4,5,6,7,8,9,10,11,12,13,14,15,16,17,18,19"
capacity,capacity,p1_0_30,AB-noaux-kraus vs M0-noaux,20,20,False,0,False,0.06832539339030047,0.054570763548319495,0.08182921063290845,2.149177352271636,20,0,1.9073486328125e-06,0.0003643035888671875,True,True,0.0691379310698033,0.0008125376795028356,20,20,-,-,"0,1,2,3,4,5,6,7,8,9,10,11,12,13,14,15,16,17,18,19"
capacity,capacity,p1_0_30,ABC-noaux-kraus vs M0-noaux,20,20,False,0,False,0.6576506991519315,0.639963894981442,0.6741427765188731,16.64666568179161,20,0,1.9073486328125e-06,0.0003643035888671875,True,True,0.6584632368314343,0.0008125376795028356,20,20,-,-,"0,1,2,3,4,5,6,7,8,9,10,11,12,13,14,15,16,17,18,19"
capacity,capacity,p1_0_30,ABC-noaux-kraus vs AB-noaux-kraus,20,20,False,0,False,0.589325305761631,0.5735054746206442,0.606084063348097,15.566141846518326,20,0,1.9073486328125e-06,0.0003643035888671875,True,True,0.6584632368314343,0.0691379310698033,20,20,-,-,"0,1,2,3,4,5,6,7,8,9,10,11,12,13,14,15,16,17,18,19"
capacity,capacity,p1_0_30,ABC-noaux-tied vs ABC-noaux-hierarchical,20,20,False,0,False,-0.6576473744861085,-0.6742785397984765,-0.6399995541496746,-16.526663947916727,0,20,1.9073486328125e-06,0.0003643035888671875,True,True,0.0008158623453257414,0.6584632368314343,20,20,-,-,"0,1,2,3,4,5,6,7,8,9,10,11,12,13,14,15,16,17,18,19"
capacity,capacity,p1_0_30,ABC-noaux-kraus vs ABC-noaux-shuffled-history,20,20,False,0,False,0.6555916252183196,0.6383357232698715,0.6721896898370328,16.798003547818197,20,0,1.9073486328125e-06,0.0003643035888671875,True,True,0.6584632368314343,0.002871611613114789,20,20,-,-,"0,1,2,3,4,5,6,7,8,9,10,11,12,13,14,15,16,17,18,19"
capacity,capacity,p1_0_30,AB-embedded vs AB-Markov,20,20,False,0,False,-0.00027154991868946494,-0.0011781515186399898,0.0005075745949183561,-0.14140018055378567,10,10,0.8123550415039062,1.0,False,False,0.0010174441954750417,0.0012889941141645065,20,20,-,-,"0,1,2,3,4,5,6,7,8,9,10,11,12,13,14,15,16,17,18,19"
capacity,capacity,p1_0_30,ABC-embedded-hierarchical vs AB-embedded,20,20,False,0,False,-3.721050820502794e-05,-0.0005635702407567831,0.00048341682431225216,-0.02946324583405452,9,11,0.8408222198486328,1.0,False,False,0.0009802336872700137,0.0010174441954750417,20,20,-,-,"0,1,2,3,4,5,6,7,8,9,10,11,12,13,14,15,16,17,18,19"
capacity,capacity,p1_0_30,ABC-embedded-hierarchical vs ABC-embedded-tied,20,20,False,0,False,-7.529449384418586e-05,-0.000811553753157052,0.0006296884614215094,-0.043785216065835714,10,10,0.956329345703125,1.0,False,False,0.0009802336872700137,0.0010555281811141996,20,20,-,-,"0,1,2,3,4,5,6,7,8,9,10,11,12,13,14,15,16,17,18,19"
capacity,capacity,p1_0_30,ABC-embedded-hierarchical vs ABC-Markov,20,20,False,0,False,-0.0003093893810557038,-0.001326908383120426,0.00045464678786055296,-0.14322782666906952,10,10,0.8983173370361328,1.0,False,False,0.0009802336872700137,0.0012896230683257172,20,20,-,-,"0,1,2,3,4,5,6,7,8,9,10,11,12,13,14,15,16,17,18,19"
capacity,capacity,p1_0_30,ABC-embedded-hierarchical vs ABC-embedded-C-off,20,20,False,0,False,-0.0007108751242016623,-0.001689846930778902,0.00011554991088136105,-0.33640619621695894,9,11,0.3117942810058594,1.0,False,False,0.0009802336872700137,0.001691108811471676,20,20,-,-,"0,1,2,3,4,5,6,7,8,9,10,11,12,13,14,15,16,17,18,19"
capacity,capacity,p1_0_30,ABC-embedded-hierarchical vs ABC-noaux-hierarchical,20,20,False,0,False,-0.6574830031441643,-0.6741322624584929,-0.6399174869755533,-16.52677917860124,0,20,1.9073486328125e-06,0.0003643035888671875,True,True,0.0009802336872700137,0.6584632368314343,20,20,-,-,"0,1,2,3,4,5,6,7,8,9,10,11,12,13,14,15,16,17,18,19"
capacity,capacity,p1_0_30,AB-embedded vs AB-noaux-kraus,20,20,False,0,False,-0.06812048687432827,-0.08172352504567328,-0.05428085542859483,-2.147277974571276,0,20,1.9073486328125e-06,0.0003643035888671875,True,True,0.0010174441954750417,0.0691379310698033,20,20,-,-,"0,1,2,3,4,5,6,7,8,9,10,11,12,13,14,15,16,17,18,19"
capacity,capacity,p1_10,AB-noaux-kraus vs M0-noaux,20,20,False,0,False,0.6460018550573258,0.6180045787445695,0.6712441631726765,10.188335791529605,20,0,1.9073486328125e-06,0.0003643035888671875,True,True,0.996399446504156,0.35039759144682997,20,20,-,-,"0,1,2,3,4,5,6,7,8,9,10,11,12,13,14,15,16,17,18,19"
capacity,capacity,p1_10,ABC-noaux-kraus vs M0-noaux,20,20,False,0,False,0.6461627949763116,0.6181191417478904,0.6717129961467885,10.138656753983279,20,0,1.9073486328125e-06,0.0003643035888671875,True,True,0.9965603864231418,0.35039759144682997,20,20,-,-,"0,1,2,3,4,5,6,7,8,9,10,11,12,13,14,15,16,17,18,19"
capacity,capacity,p1_10,ABC-noaux-kraus vs AB-noaux-kraus,20,20,False,0,False,0.00016093991898590286,-0.00026017111262082755,0.0005441080091591698,0.17430197161856958,11,9,0.2942523956298828,1.0,False,False,0.9965603864231418,0.996399446504156,20,20,-,-,"0,1,2,3,4,5,6,7,8,9,10,11,12,13,14,15,16,17,18,19"
capacity,capacity,p1_10,ABC-noaux-tied vs ABC-noaux-hierarchical,20,20,False,0,False,-0.4626267037755921,-0.4840385244512452,-0.4382205007282979,-8.524566502844383,0,20,1.9073486328125e-06,0.0003643035888671875,True,True,0.5339336826475496,0.9965603864231418,20,20,-,-,"0,1,2,3,4,5,6,7,8,9,10,11,12,13,14,15,16,17,18,19"
capacity,capacity,p1_10,ABC-noaux-kraus vs ABC-noaux-shuffled-history,20,20,False,0,False,0.994701058888308,0.993457094619801,0.995717381009751,376.35274039175977,20,0,1.9073486328125e-06,0.0003643035888671875,True,True,0.9965603864231418,0.0018593275348338118,20,20,-,-,"0,1,2,3,4,5,6,7,8,9,10,11,12,13,14,15,16,17,18,19"
capacity,capacity,p1_10,AB-embedded vs AB-Markov,20,20,False,0,False,0.7172369830238187,0.699435403767101,0.7361426912692945,16.122981362783072,20,0,1.9073486328125e-06,0.0003643035888671875,True,True,0.7182505845290764,0.0010136015052577584,20,20,-,-,"0,1,2,3,4,5,6,7,8,9,10,11,12,13,14,15,16,17,18,19"
capacity,capacity,p1_10,ABC-embedded-hierarchical vs AB-embedded,20,20,False,0,False,-0.24107560204657755,-0.261086920567786,-0.22048604895963558,-5.088796996652547,0,20,1.9073486328125e-06,0.0003643035888671875,True,True,0.47717498248249895,0.7182505845290764,20,20,-,-,"0,1,2,3,4,5,6,7,8,9,10,11,12,13,14,15,16,17,18,19"
capacity,capacity,p1_10,ABC-embedded-hierarchical vs ABC-embedded-tied,20,20,False,0,False,-0.27940884966685703,-0.3020348681632994,-0.2580519633968836,-5.4296371985866925,0,20,1.9073486328125e-06,0.0003643035888671875,True,True,0.47717498248249895,0.7565838321493559,20,20,-,-,"0,1,2,3,4,5,6,7,8,9,10,11,12,13,14,15,16,17,18,19"
capacity,capacity,p1_10,ABC-embedded-hierarchical vs ABC-Markov,20,20,False,0,False,0.4761614968743679,0.45518969319095154,0.4995575727981099,9.028072901287363,20,0,1.9073486328125e-06,0.0003643035888671875,True,True,0.47717498248249895,0.0010134856081309913,20,20,-,-,"0,1,2,3,4,5,6,7,8,9,10,11,12,13,14,15,16,17,18,19"
capacity,capacity,p1_10,ABC-embedded-hierarchical vs ABC-embedded-C-off,20,20,False,0,False,0.46296653043679853,0.44028042131407424,0.48765409129540643,8.13134285189066,20,0,1.9073486328125e-06,0.0003643035888671875,True,True,0.47717498248249895,0.014208452045700318,20,20,-,-,"0,1,2,3,4,5,6,7,8,9,10,11,12,13,14,15,16,17,18,19"
capacity,capacity,p1_10,ABC-embedded-hierarchical vs ABC-noaux-hierarchical,20,20,False,0,False,-0.5193854039406428,-0.5401856859499795,-0.4960757168402832,-9.920928014862172,0,20,1.9073486328125e-06,0.0003643035888671875,True,True,0.47717498248249895,0.9965603864231418,20,20,-,-,"0,1,2,3,4,5,6,7,8,9,10,11,12,13,14,15,16,17,18,19"
capacity,capacity,p1_10,AB-embedded vs AB-noaux-kraus,20,20,False,0,False,-0.27814886197507943,-0.2959890616853739,-0.25954548597054067,-6.308091862022343,0,20,1.9073486328125e-06,0.0003643035888671875,True,True,0.7182505845290764,0.996399446504156,20,20,-,-,"0,1,2,3,4,5,6,7,8,9,10,11,12,13,14,15,16,17,18,19"
capacity,capacity,p1_10_30,AB-noaux-kraus vs M0-noaux,20,20,False,0,False,0.02323713399261997,0.018491624308840677,0.028354504967138074,2.060514124614027,20,0,1.9073486328125e-06,0.0003643035888671875,True,True,0.024556843227477615,0.0013197092348576462,20,20,-,-,"0,1,2,3,4,5,6,7,8,9,10,11,12,13,14,15,16,17,18,19"
capacity,capacity,p1_10_30,ABC-noaux-kraus vs M0-noaux,20,20,False,0,False,0.6777507567956138,0.6596963315783958,0.6953020221503496,15.784100894237366,20,0,1.9073486328125e-06,0.0003643035888671875,True,True,0.6790704660304715,0.0013197092348576462,20,20,-,-,"0,1,2,3,4,5,6,7,8,9,10,11,12,13,14,15,16,17,18,19"
capacity,capacity,p1_10_30,ABC-noaux-kraus vs AB-noaux-kraus,20,20,False,0,False,0.654513622802994,0.6351506033213482,0.6735982188428883,14.21647415212455,20,0,1.9073486328125e-06,0.0003643035888671875,True,True,0.6790704660304715,0.024556843227477615,20,20,-,-,"0,1,2,3,4,5,6,7,8,9,10,11,12,13,14,15,16,17,18,19"
capacity,capacity,p1_10_30,ABC-noaux-tied vs ABC-noaux-hierarchical,20,20,False,0,False,-0.6781906790287421,-0.6960160740560748,-0.6598502052147339,-15.704142395095813,0,20,1.9073486328125e-06,0.0003643035888671875,True,True,0.0008797870017294405,0.6790704660304715,20,20,-,-,"0,1,2,3,4,5,6,7,8,9,10,11,12,13,14,15,16,17,18,19"
capacity,capacity,p1_10_30,ABC-noaux-kraus vs ABC-noaux-shuffled-history,20,20,False,0,False,0.677270703324666,0.6592171107160818,0.694795459990038,16.013156638226285,20,0,1.9073486328125e-06,0.0003643035888671875,True,True,0.6790704660304715,0.0017997627058054613,20,20,-,-,"0,1,2,3,4,5,6,7,8,9,10,11,12,13,14,15,16,17,18,19"
capacity,capacity,p1_10_30,AB-embedded vs AB-Markov,20,20,False,0,False,-0.00014961352731750056,-0.0005731294624843345,0.000234265360352805,-0.15758508408779465,13,7,0.956329345703125,1.0,False,False,0.00047201542855824033,0.0006216289558757409,20,20,-,-,"0,1,2,3,4,5,6,7,8,9,10,11,12,13,14,15,16,17,18,19"
capacity,capacity,p1_10_30,ABC-embedded-hierarchical vs AB-embedded,20,20,False,0,False,0.0007214179857424558,0.00027787070241144264,0.001214960602702952,0.6411234963795647,15,5,0.00830841064453125,0.39049530029296875,True,False,0.0011934334143006962,0.00047201542855824033,20,20,-,-,"0,1,2,3,4,5,6,7,8,9,10,11,12,13,14,15,16,17,18,19"
capacity,capacity,p1_10_30,ABC-embedded-hierarchical vs ABC-embedded-tied,20,20,False,0,False,0.00038406470747628723,-7.447697167981863e-05,0.0009020315710232069,0.3251595164961464,13,7,0.20244979858398438,1.0,False,False,0.0011934334143006962,0.000809368706824409,20,20,-,-,"0,1,2,3,4,5,6,7,8,9,10,11,12,13,14,15,16,17,18,19"
capacity,capacity,p1_10_30,ABC-embedded-hierarchical vs ABC-Markov,20,20,False,0,False,0.0005717636631972054,-0.00017019789297667863,0.0013092796770895953,0.325822914442497,11,9,0.21616744995117188,1.0,False,False,0.0011934334143006962,0.0006216697511034908,20,20,-,-,"0,1,2,3,4,5,6,7,8,9,10,11,12,13,14,15,16,17,18,19"
capacity,capacity,p1_10_30,ABC-embedded-hierarchical vs ABC-embedded-C-off,20,20,False,0,False,0.0002447962952170258,-0.00034357758228401475,0.0008708745918461904,0.16955877350723214,12,8,0.6476554870605469,1.0,False,False,0.0011934334143006962,0.0009486371190836704,20,20,-,-,"0,1,2,3,4,5,6,7,8,9,10,11,12,13,14,15,16,17,18,19"
capacity,capacity,p1_10_30,ABC-embedded-hierarchical vs ABC-noaux-hierarchical,20,20,False,0,False,-0.6778770326161708,-0.6955331380576197,-0.6597308989895362,-15.818855102273707,0,20,1.9073486328125e-06,0.0003643035888671875,True,True,0.0011934334143006962,0.6790704660304715,20,20,-,-,"0,1,2,3,4,5,6,7,8,9,10,11,12,13,14,15,16,17,18,19"
capacity,capacity,p1_10_30,AB-embedded vs AB-noaux-kraus,20,20,False,0,False,-0.02408482779891937,-0.029102372475444258,-0.01929190571206515,-2.1384449001552475,0,20,1.9073486328125e-06,0.0003643035888671875,True,True,0.00047201542855824033,0.024556843227477615,20,20,-,-,"0,1,2,3,4,5,6,7,8,9,10,11,12,13,14,15,16,17,18,19"
capacity,capacity,p1_30,AB-noaux-kraus vs M0-noaux,20,20,False,0,False,0.4484019178342475,0.4104152431267134,0.4798410221282248,5.535311700212753,20,0,1.9073486328125e-06,0.0003643035888671875,True,True,0.4566878126681953,0.008285894833947817,20,20,-,-,"0,1,2,3,4,5,6,7,8,9,10,11,12,13,14,15,16,17,18,19"
capacity,capacity,p1_30,ABC-noaux-kraus vs M0-noaux,20,20,False,0,False,0.89296456588173,0.8821473166296627,0.9017366152880041,39.06449778817293,20,0,1.9073486328125e-06,0.0003643035888671875,True,True,0.9012504607156778,0.008285894833947817,20,20,-,-,"0,1,2,3,4,5,6,7,8,9,10,11,12,13,14,15,16,17,18,19"
capacity,capacity,p1_30,ABC-noaux-kraus vs AB-noaux-kraus,20,20,False,0,False,0.4445626480474825,0.4136611461128232,0.48415667206808455,5.375931281166716,20,0,1.9073486328125e-06,0.0003643035888671875,True,True,0.9012504607156778,0.4566878126681953,20,20,-,-,"0,1,2,3,4,5,6,7,8,9,10,11,12,13,14,15,16,17,18,19"
capacity,capacity,p1_30,ABC-noaux-tied vs ABC-noaux-hierarchical,20,20,False,0,False,-0.9005791864249751,-0.9081898380933499,-0.89124869494005,-45.10763689530346,0,20,1.9073486328125e-06,0.0003643035888671875,True,True,0.0006712742907028051,0.9012504607156778,20,20,-,-,"0,1,2,3,4,5,6,7,8,9,10,11,12,13,14,15,16,17,18,19"
capacity,capacity,p1_30,ABC-noaux-kraus vs ABC-noaux-shuffled-history,20,20,False,0,False,0.8959047145681375,0.8865729697736625,0.903357463991427,44.727576190242175,20,0,1.9073486328125e-06,0.0003643035888671875,True,True,0.9012504607156778,0.005345746147540135,20,20,-,-,"0,1,2,3,4,5,6,7,8,9,10,11,12,13,14,15,16,17,18,19"
capacity,capacity,p1_30,AB-embedded vs AB-Markov,20,20,False,0,False,-0.0006393584215139932,-0.0015759439492646098,0.00011612432705580379,-0.31846805642417675,8,12,0.5216732025146484,1.0,False,False,0.00041980992428657685,0.0010591683458005706,20,20,-,-,"0,1,2,3,4,5,6,7,8,9,10,11,12,13,14,15,16,17,18,19"
capacity,capacity,p1_30,ABC-embedded-hierarchical vs AB-embedded,20,20,False,0,False,0.0005313636603395071,-8.448825121802436e-05,0.0011862364758190214,0.37221918963936507,14,6,0.21616744995117188,1.0,False,False,0.0009511735846260839,0.00041980992428657685,20,20,-,-,"0,1,2,3,4,5,6,7,8,9,10,11,12,13,14,15,16,17,18,19"
capacity,capacity,p1_30,ABC-embedded-hierarchical vs ABC-embedded-tied,20,20,False,0,False,0.0002480692713867678,-0.0004416154084590884,0.000988376723557874,0.15255007382348212,11,9,0.6215133666992188,1.0,False,False,0.0009511735846260839,0.0007031043132393162,20,20,-,-,"0,1,2,3,4,5,6,7,8,9,10,11,12,13,14,15,16,17,18,19"
capacity,capacity,p1_30,ABC-embedded-hierarchical vs ABC-Markov,20,20,False,0,False,-0.00010786707229332912,-0.0007795377016668166,0.0004893306119854655,-0.07530208222336504,10,10,0.8123550415039062,1.0,False,False,0.0009511735846260839,0.0010590406569194132,20,20,-,-,"0,1,2,3,4,5,6,7,8,9,10,11,12,13,14,15,16,17,18,19"
capacity,capacity,p1_30,ABC-embedded-hierarchical vs ABC-embedded-C-off,20,20,False,0,False,8.46827827545854e-05,-0.0006345917106347588,0.0007356190862144432,0.05401600203381978,12,8,0.40909767150878906,1.0,False,False,0.0009511735846260839,0.0008664908018714985,20,20,-,-,"0,1,2,3,4,5,6,7,8,9,10,11,12,13,14,15,16,17,18,19"
capacity,capacity,p1_30,ABC-embedded-hierarchical vs ABC-noaux-hierarchical,20,20,False,0,False,-0.9002992871310518,-0.9079074581630864,-0.8908193302640242,-45.29438305602219,0,20,1.9073486328125e-06,0.0003643035888671875,True,True,0.0009511735846260839,0.9012504607156778,20,20,-,-,"0,1,2,3,4,5,6,7,8,9,10,11,12,13,14,15,16,17,18,19"
capacity,capacity,p1_30,AB-embedded vs AB-noaux-kraus,20,20,False,0,False,-0.4562680027439088,-0.4877721610864376,-0.4183565260659984,-5.667219075411552,0,20,1.9073486328125e-06,0.0003643035888671875,True,True,0.00041980992428657685,0.4566878126681953,20,20,-,-,"0,1,2,3,4,5,6,7,8,9,10,11,12,13,14,15,16,17,18,19"
capacity,capacity,paper_s0_s10,AB-noaux-kraus vs M0-noaux,20,20,False,0,False,0.4418750139065777,0.4266557510465586,0.4573835335097724,12.389325390402373,20,0,1.9073486328125e-06,0.0003643035888671875,True,True,0.9827187748694323,0.5408437609628545,20,20,-,-,"0,1,2,3,4,5,6,7,8,9,10,11,12,13,14,15,16,17,18,19"
capacity,capacity,paper_s0_s10,ABC-noaux-kraus vs M0-noaux,20,20,False,0,False,0.4525541054217571,0.43657969661736207,0.4689200076219519,11.922446081700777,20,0,1.9073486328125e-06,0.0003643035888671875,True,True,0.9933978663846119,0.5408437609628545,20,20,-,-,"0,1,2,3,4,5,6,7,8,9,10,11,12,13,14,15,16,17,18,19"
capacity,capacity,paper_s0_s10,ABC-noaux-kraus vs AB-noaux-kraus,20,20,False,0,False,0.01067909151517949,0.009074020518970839,0.01245164010134398,2.7649551498175056,20,0,1.9073486328125e-06,0.0003643035888671875,True,True,0.9933978663846119,0.9827187748694323,20,20,-,-,"0,1,2,3,4,5,6,7,8,9,10,11,12,13,14,15,16,17,18,19"
capacity,capacity,paper_s0_s10,ABC-noaux-tied vs ABC-noaux-hierarchical,20,20,False,0,False,-0.32471514047748673,-0.3336616775992763,-0.31428908994283733,-13.760408385885025,0,20,1.9073486328125e-06,0.0003643035888671875,True,True,0.668682725907125,0.9933978663846119,20,20,-,-,"0,1,2,3,4,5,6,7,8,9,10,11,12,13,14,15,16,17,18,19"
capacity,capacity,paper_s0_s10,ABC-noaux-kraus vs ABC-noaux-shuffled-history,20,20,False,0,False,0.6035268746448669,0.5937968280751165,0.6123102207496539,27.118038356427,20,0,1.9073486328125e-06,0.0003643035888671875,True,True,0.9933978663846119,0.38987099173974504,20,20,-,-,"0,1,2,3,4,5,6,7,8,9,10,11,12,13,14,15,16,17,18,19"
capacity,capacity,paper_s0_s10,AB-embedded vs AB-Markov,20,20,False,0,False,0.3557220896133432,0.3443874648784112,0.3678131655609512,12.408552515322226,20,0,1.9073486328125e-06,0.0003643035888671875,True,True,0.7874924457694694,0.43177035615612613,20,20,-,-,"0,1,2,3,4,5,6,7,8,9,10,11,12,13,14,15,16,17,18,19"
capacity,capacity,paper_s0_s10,ABC-embedded-hierarchical vs AB-embedded,20,20,False,0,False,-0.1390598996625905,-0.14790888235233104,-0.12981928939734963,-6.4019842149718365,0,20,1.9073486328125e-06,0.0003643035888671875,True,True,0.648432546106879,0.7874924457694694,20,20,-,-,"0,1,2,3,4,5,6,7,8,9,10,11,12,13,14,15,16,17,18,19"
capacity,capacity,paper_s0_s10,ABC-embedded-hierarchical vs ABC-embedded-tied,20,20,False,0,False,-0.16723922766619498,-0.18016519979682682,-0.15473349643883025,-5.349423684001215,0,20,1.9073486328125e-06,0.0003643035888671875,True,True,0.648432546106879,0.8156717737730739,20,20,-,-,"0,1,2,3,4,5,6,7,8,9,10,11,12,13,14,15,16,17,18,19"
capacity,capacity,paper_s0_s10,ABC-embedded-hierarchical vs ABC-Markov,20,20,False,0,False,0.2166619111807433,0.20328898296387393,0.23127640705914973,6.589937762065032,20,0,1.9073486328125e-06,0.0003643035888671875,True,True,0.648432546106879,0.4317706349261356,20,20,-,-,"0,1,2,3,4,5,6,7,8,9,10,11,12,13,14,15,16,17,18,19"
capacity,capacity,paper_s0_s10,ABC-embedded-hierarchical vs ABC-embedded-C-off,20,20,False,0,False,0.20999070289672467,0.19571657859630015,0.22551476411863833,6.086356052223315,20,0,1.9073486328125e-06,0.0003643035888671875,True,True,0.648432546106879,0.43844184321015434,20,20,-,-,"0,1,2,3,4,5,6,7,8,9,10,11,12,13,14,15,16,17,18,19"
capacity,capacity,paper_s0_s10,ABC-embedded-hierarchical vs ABC-noaux-hierarchical,20,20,False,0,False,-0.34496532027773286,-0.3551313258749332,-0.33480047016564496,-14.46233631159114,0,20,1.9073486328125e-06,0.0003643035888671875,True,True,0.648432546106879,0.9933978663846119,20,20,-,-,"0,1,2,3,4,5,6,7,8,9,10,11,12,13,14,15,16,17,18,19"
capacity,capacity,paper_s0_s10,AB-embedded vs AB-noaux-kraus,20,20,False,0,False,-0.19522632909996285,-0.20285348524044428,-0.1871264757967418,-10.556946488401922,0,20,1.9073486328125e-06,0.0003643035888671875,True,True,0.7874924457694694,0.9827187748694323,20,20,-,-,"0,1,2,3,4,5,6,7,8,9,10,11,12,13,14,15,16,17,18,19"
capacity,capacity,s0_s10_s30,AB-noaux-kraus vs M0-noaux,20,20,False,0,False,0.3566319983274601,0.34264277593954334,0.37071431420449447,10.72402193571066,20,0,1.9073486328125e-06,0.0003643035888671875,True,True,0.644563996789238,0.28793199846177786,20,20,-,-,"0,1,2,3,4,5,6,7,8,9,10,11,12,13,14,15,16,17,18,19"
capacity,capacity,s0_s10_s30,ABC-noaux-kraus vs M0-noaux,20,20,False,0,False,0.6030614520130056,0.5916053307500825,0.6150341794114401,21.500780041083072,20,0,1.9073486328125e-06,0.0003643035888671875,True,True,0.8909934504747834,0.28793199846177786,20,20,-,-,"0,1,2,3,4,5,6,7,8,9,10,11,12,13,14,15,16,17,18,19"
capacity,capacity,s0_s10_s30,ABC-noaux-kraus vs AB-noaux-kraus,20,20,False,0,False,0.24642945368554542,0.23407067335658524,0.2597426083174003,7.945511265611854,20,0,1.9073486328125e-06,0.0003643035888671875,True,True,0.8909934504747834,0.644563996789238,20,20,-,-,"0,1,2,3,4,5,6,7,8,9,10,11,12,13,14,15,16,17,18,19"
capacity,capacity,s0_s10_s30,ABC-noaux-tied vs ABC-noaux-hierarchical,20,20,False,0,False,-0.5399118626757714,-0.5522074215296328,-0.5278023188281883,-18.4634920124243,0,20,1.9073486328125e-06,0.0003643035888671875,True,True,0.35108158779901216,0.8909934504747834,20,20,-,-,"0,1,2,3,4,5,6,7,8,9,10,11,12,13,14,15,16,17,18,19"
capacity,capacity,s0_s10_s30,ABC-noaux-kraus vs ABC-noaux-shuffled-history,20,20,False,0,False,0.6822203283093007,0.6693992785394299,0.6949518061237464,23.163979186315657,20,0,1.9073486328125e-06,0.0003643035888671875,True,True,0.8909934504747834,0.20877312216548286,20,20,-,-,"0,1,2,3,4,5,6,7,8,9,10,11,12,13,14,15,16,17,18,19"
capacity,capacity,s0_s10_s30,AB-embedded vs AB-Markov,20,20,False,0,False,0.185169362270327,0.17646772672207242,0.1950947730185127,8.095248946160886,20,0,1.9073486328125e-06,0.0003643035888671875,True,True,0.4260261435821923,0.24085678131186544,20,20,-,-,"0,1,2,3,4,5,6,7,8,9,10,11,12,13,14,15,16,17,18,19"
capacity,capacity,s0_s10_s30,ABC-embedded-hierarchical vs AB-embedded,20,20,False,0,False,-0.08321747534888506,-0.09213885207740408,-0.07472677650878513,-3.992441321095037,0,20,1.9073486328125e-06,0.0003643035888671875,True,True,0.34280866823330736,0.4260261435821923,20,20,-,-,"0,1,2,3,4,5,6,7,8,9,10,11,12,13,14,15,16,17,18,19"
capacity,capacity,s0_s10_s30,ABC-embedded-hierarchical vs ABC-embedded-tied,20,20,False,0,False,-0.10153429709624642,-0.11166412682088217,-0.0908286934950777,-4.109242170538204,0,20,1.9073486328125e-06,0.0003643035888671875,True,True,0.34280866823330736,0.44434296532955375,20,20,-,-,"0,1,2,3,4,5,6,7,8,9,10,11,12,13,14,15,16,17,18,19"
capacity,capacity,s0_s10_s30,ABC-embedded-hierarchical vs ABC-Markov,20,20,False,0,False,0.10195138416813525,0.09375934507378048,0.11149677278740784,4.939358181516844,20,0,1.9073486328125e-06,0.0003643035888671875,True,True,0.34280866823330736,0.24085728406517207,20,20,-,-,"0,1,2,3,4,5,6,7,8,9,10,11,12,13,14,15,16,17,18,19"
capacity,capacity,s0_s10_s30,ABC-embedded-hierarchical vs ABC-embedded-C-off,20,20,False,0,False,0.10170519547142265,0.09218908498498476,0.11210016998344247,4.400577686283848,20,0,1.9073486328125e-06,0.0003643035888671875,True,True,0.34280866823330736,0.24110347276188465,20,20,-,-,"0,1,2,3,4,5,6,7,8,9,10,11,12,13,14,15,16,17,18,19"
capacity,capacity,s0_s10_s30,ABC-embedded-hierarchical vs ABC-noaux-hierarchical,20,20,False,0,False,-0.548184782241476,-0.5600409456625242,-0.5370303753807031,-20.685204857657528,0,20,1.9073486328125e-06,0.0003643035888671875,True,True,0.34280866823330736,0.8909934504747834,20,20,-,-,"0,1,2,3,4,5,6,7,8,9,10,11,12,13,14,15,16,17,18,19"
capacity,capacity,s0_s10_s30,AB-embedded vs AB-noaux-kraus,20,20,False,0,False,-0.21853785320704558,-0.23187909678560767,-0.2046394589171848,-6.622416848302317,0,20,1.9073486328125e-06,0.0003643035888671875,True,True,0.4260261435821923,0.644563996789238,20,20,-,-,"0,1,2,3,4,5,6,7,8,9,10,11,12,13,14,15,16,17,18,19"
capacity,capacity,s0_s30,AB-noaux-kraus vs M0-noaux,20,20,False,0,False,0.2563834682179428,0.23428340025336125,0.27607053499182843,5.240656140414375,20,0,1.9073486328125e-06,0.0003643035888671875,True,True,0.6207868607652096,0.3644033925472668,20,20,-,-,"0,1,2,3,4,5,6,7,8,9,10,11,12,13,14,15,16,17,18,19"
capacity,capacity,s0_s30,ABC-noaux-kraus vs M0-noaux,20,20,False,0,False,0.5454001731397111,0.5324392724363085,0.5569469720843481,19.155024335845653,20,0,1.9073486328125e-06,0.0003643035888671875,True,True,0.909803565686978,0.3644033925472668,20,20,-,-,"0,1,2,3,4,5,6,7,8,9,10,11,12,13,14,15,16,17,18,19"
capacity,capacity,s0_s30,ABC-noaux-kraus vs AB-noaux-kraus,20,20,False,0,False,0.28901670492176834,0.27426405479893873,0.3075884843592994,7.063058884197606,20,0,1.9073486328125e-06,0.0003643035888671875,True,True,0.909803565686978,0.6207868607652096,20,20,-,-,"0,1,2,3,4,5,6,7,8,9,10,11,12,13,14,15,16,17,18,19"
capacity,capacity,s0_s30,ABC-noaux-tied vs ABC-noaux-hierarchical,20,20,False,0,False,-0.5204607779035947,-0.529638381553912,-0.5108090981592626,-23.551725918935535,0,20,1.9073486328125e-06,0.0003643035888671875,True,True,0.38934278778338316,0.909803565686978,20,20,-,-,"0,1,2,3,4,5,6,7,8,9,10,11,12,13,14,15,16,17,18,19"
capacity,capacity,s0_s30,ABC-noaux-kraus vs ABC-noaux-shuffled-history,20,20,False,0,False,0.5083566835529917,0.4994630812217973,0.5178260038750866,23.4455506725796,20,0,1.9073486328125e-06,0.0003643035888671875,True,True,0.909803565686978,0.4014468821339864,20,20,-,-,"0,1,2,3,4,5,6,7,8,9,10,11,12,13,14,15,16,17,18,19"
capacity,capacity,s0_s30,AB-embedded vs AB-Markov,20,20,False,0,False,-0.03233957637976004,-0.03778028624486395,-0.027325197258758687,-2.635423111063629,0,20,1.9073486328125e-06,0.0003643035888671875,True,True,0.39005537099663057,0.42239494737639055,20,20,-,-,"0,1,2,3,4,5,6,7,8,9,10,11,12,13,14,15,16,17,18,19"
capacity,capacity,s0_s30,ABC-embedded-hierarchical vs AB-embedded,20,20,False,0,False,-0.002236738213108919,-0.006179595898183544,0.001554216947956706,-0.24813206338303295,7,13,0.3299827575683594,1.0,False,False,0.3878186327835217,0.39005537099663057,20,20,-,-,"0,1,2,3,4,5,6,7,8,9,10,11,12,13,14,15,16,17,18,19"
capacity,capacity,s0_s30,ABC-embedded-hierarchical vs ABC-embedded-tied,20,20,False,0,False,-0.007257688808510743,-0.01128120881575231,-0.0030735372855759595,-0.7211605549896776,5,15,0.0072956085205078125,0.3574848175048828,True,False,0.3878186327835217,0.3950763215920324,20,20,-,-,"0,1,2,3,4,5,6,7,8,9,10,11,12,13,14,15,16,17,18,19"
capacity,capacity,s0_s30,ABC-embedded-hierarchical vs ABC-Markov,20,20,False,0,False,-0.034576368646290226,-0.0404231671800178,-0.029636915563196323,-2.7401480125212467,0,20,1.9073486328125e-06,0.0003643035888671875,True,True,0.3878186327835217,0.42239500142981184,20,20,-,-,"0,1,2,3,4,5,6,7,8,9,10,11,12,13,14,15,16,17,18,19"
capacity,capacity,s0_s30,ABC-embedded-hierarchical vs ABC-embedded-C-off,20,20,False,0,False,-0.030205284765721662,-0.03569451491300568,-0.025686025475386367,-2.5141453583149964,0,20,1.9073486328125e-06,0.0003643035888671875,True,True,0.3878186327835217,0.41802391754924334,20,20,-,-,"0,1,2,3,4,5,6,7,8,9,10,11,12,13,14,15,16,17,18,19"
capacity,capacity,s0_s30,ABC-embedded-hierarchical vs ABC-noaux-hierarchical,20,20,False,0,False,-0.5219849329034563,-0.5310075745951465,-0.5124776013687063,-23.638363310088597,0,20,1.9073486328125e-06,0.0003643035888671875,True,True,0.3878186327835217,0.909803565686978,20,20,-,-,"0,1,2,3,4,5,6,7,8,9,10,11,12,13,14,15,16,17,18,19"
capacity,capacity,s0_s30,AB-embedded vs AB-noaux-kraus,20,20,False,0,False,-0.23073148976857905,-0.24789741590413697,-0.2119530661550068,-5.350043143492579,0,20,1.9073486328125e-06,0.0003643035888671875,True,True,0.39005537099663057,0.6207868607652096,20,20,-,-,"0,1,2,3,4,5,6,7,8,9,10,11,12,13,14,15,16,17,18,19"
capacity,capacity,s10_s30,AB-noaux-kraus vs M0-noaux,20,20,False,0,False,0.47068373759551163,0.4498450033654636,0.4905543830496446,9.686584108769397,20,0,1.9073486328125e-06,0.0003643035888671875,True,True,0.6068695104943079,0.13618577289879627,20,20,-,-,"0,1,2,3,4,5,6,7,8,9,10,11,12,13,14,15,16,17,18,19"
capacity,capacity,s10_s30,ABC-noaux-kraus vs M0-noaux,20,20,False,0,False,0.762541068052146,0.74620493081973,0.7784143455513237,19.862201808881824,20,0,1.9073486328125e-06,0.0003643035888671875,True,True,0.8987268409509422,0.13618577289879627,20,20,-,-,"0,1,2,3,4,5,6,7,8,9,10,11,12,13,14,15,16,17,18,19"
capacity,capacity,s10_s30,ABC-noaux-kraus vs AB-noaux-kraus,20,20,False,0,False,0.2918573304566344,0.2734171294344364,0.3141410129264067,5.946959143066148,20,0,1.9073486328125e-06,0.0003643035888671875,True,True,0.8987268409509422,0.6068695104943079,20,20,-,-,"0,1,2,3,4,5,6,7,8,9,10,11,12,13,14,15,16,17,18,19"
capacity,capacity,s10_s30,ABC-noaux-tied vs ABC-noaux-hierarchical,20,20,False,0,False,-0.701353296135577,-0.7149714783127729,-0.6868419506863256,-20.772749442029028,0,20,1.9073486328125e-06,0.0003643035888671875,True,True,0.19737354481536531,0.8987268409509422,20,20,-,-,"0,1,2,3,4,5,6,7,8,9,10,11,12,13,14,15,16,17,18,19"
capacity,capacity,s10_s30,ABC-noaux-kraus vs ABC-noaux-shuffled-history,20,20,False,0,False,0.8950277539938558,0.8845180429112163,0.9042967150179338,37.69751279045391,20,0,1.9073486328125e-06,0.0003643035888671875,True,True,0.8987268409509422,0.0036990869570865995,20,20,-,-,"0,1,2,3,4,5,6,7,8,9,10,11,12,13,14,15,16,17,18,19"
capacity,capacity,s10_s30,AB-embedded vs AB-Markov,20,20,False,0,False,0.2839979374908834,0.27346142350636876,0.2957039696881709,10.801000245423968,20,0,1.9073486328125e-06,0.0003643035888671875,True,True,0.2846649803859159,0.0006670428950325095,20,20,-,-,"0,1,2,3,4,5,6,7,8,9,10,11,12,13,14,15,16,17,18,19"
capacity,capacity,s10_s30,ABC-embedded-hierarchical vs AB-embedded,20,20,False,0,False,-0.1080623154192061,-0.11987303936194342,-0.09570831099544588,-3.8290420717326072,0,20,1.9073486328125e-06,0.0003643035888671875,True,True,0.1766026649667098,0.2846649803859159,20,20,-,-,"0,1,2,3,4,5,6,7,8,9,10,11,12,13,14,15,16,17,18,19"
capacity,capacity,s10_s30,ABC-embedded-hierarchical vs ABC-embedded-tied,20,20,False,0,False,-0.12420939092802252,-0.13702539411219894,-0.10993242066427011,-3.9346833624894266,0,20,1.9073486328125e-06,0.0003643035888671875,True,True,0.1766026649667098,0.30081205589473237,20,20,-,-,"0,1,2,3,4,5,6,7,8,9,10,11,12,13,14,15,16,17,18,19"
capacity,capacity,s10_s30,ABC-embedded-hierarchical vs ABC-Markov,20,20,False,0,False,0.1759354462942998,0.1663259838788973,0.18552990697794117,7.565917648004142,20,0,1.9073486328125e-06,0.0003643035888671875,True,True,0.1766026649667098,0.0006672186724099944,20,20,-,-,"0,1,2,3,4,5,6,7,8,9,10,11,12,13,14,15,16,17,18,19"
capacity,capacity,s10_s30,ABC-embedded-hierarchical vs ABC-embedded-C-off,20,20,False,0,False,0.17320394329044989,0.1630594728501044,0.18333466725036168,7.176838742088009,20,0,1.9073486328125e-06,0.0003643035888671875,True,True,0.1766026649667098,0.0033987216762599,20,20,-,-,"0,1,2,3,4,5,6,7,8,9,10,11,12,13,14,15,16,17,18,19"
capacity,capacity,s10_s30,ABC-embedded-hierarchical vs ABC-noaux-hierarchical,20,20,False,0,False,-0.7221241759842325,-0.7340486163694263,-0.7102923814609396,-25.7315345350642,0,20,1.9073486328125e-06,0.0003643035888671875,True,True,0.1766026649667098,0.8987268409509422,20,20,-,-,"0,1,2,3,4,5,6,7,8,9,10,11,12,13,14,15,16,17,18,19"
capacity,capacity,s10_s30,AB-embedded vs AB-noaux-kraus,20,20,False,0,False,-0.32220453010839206,-0.34200795016353225,-0.3000868212303655,-6.499283100426887,0,20,1.9073486328125e-06,0.0003643035888671875,True,True,0.2846649803859159,0.6068695104943079,20,20,-,-,"0,1,2,3,4,5,6,7,8,9,10,11,12,13,14,15,16,17,18,19"
MG_standard,mse_150,MG_standard,AB-noaux-kraus vs M0-noaux,20,20,False,0,False,-2.7988376998445488,-4.607674140593148,-1.2818578978456603,-0.7047893653176885,3,17,0.0001049041748046875,0.0068187713623046875,True,True,0.3610790148974169,3.159916714741966,20,20,-,-,"0,1,2,3,4,5,6,7,8,9,10,11,12,13,14,15,16,17,18,19"
MG_standard,mse_150,MG_standard,ABC-noaux-kraus vs AB-noaux-kraus,20,20,False,0,False,-0.18570532434168519,-0.32516717381354415,0.0057457189659225515,-0.48223099768761235,3,17,0.0023250579833984375,0.12090301513671875,False,False,0.17537369055573165,0.3610790148974169,20,20,-,-,"0,1,2,3,4,5,6,7,8,9,10,11,12,13,14,15,16,17,18,19"
MG_standard,mse_150,MG_standard,ABC-noaux-hierarchical vs ABC-noaux-tied,20,20,False,0,False,0.135054039456591,0.022587833784410673,0.30999548249834824,0.3933690941514455,16,4,0.013616561889648438,0.6127452850341797,True,False,0.17537369055573165,0.0403196510991407,20,20,-,-,"0,1,2,3,4,5,6,7,8,9,10,11,12,13,14,15,16,17,18,19"
MG_standard,mse_150,MG_standard,AB-embedded vs AB-Markov,20,20,False,0,False,-0.010600578144789615,-0.022660068558227924,0.003039291417925855,-0.34783274326768615,6,14,0.09730720520019531,1.0,False,False,0.04715739541899454,0.05775797356378415,20,20,-,-,"0,1,2,3,4,5,6,7,8,9,10,11,12,13,14,15,16,17,18,19"
MG_standard,mse_150,MG_standard,ABC-embedded-hierarchical vs AB-embedded,20,20,False,0,False,0.30714461331181975,0.03460937090468221,0.834239961182008,0.2677707340523461,18,2,0.0001678466796875,0.009735107421875,True,True,0.35430200873081424,0.04715739541899454,20,20,-,-,"0,1,2,3,4,5,6,7,8,9,10,11,12,13,14,15,16,17,18,19"
MG_standard,mse_150,MG_standard,ABC-embedded-hierarchical vs ABC-embedded-tied,20,20,False,0,False,0.26264646491591276,-0.030998201899619035,0.805189312223249,0.22623794254968155,14,6,0.09730720520019531,1.0,False,False,0.35430200873081424,0.09165554381490146,20,20,-,-,"0,1,2,3,4,5,6,7,8,9,10,11,12,13,14,15,16,17,18,19"
MG_standard,mse_150,MG_standard,ABC-embedded-hierarchical vs ABC-noaux-hierarchical,20,20,False,0,False,0.1789283181750826,-0.20894936706198697,0.7948574076046471,0.14483813098852436,13,7,0.5216732025146484,1.0,False,False,0.35430200873081424,0.17537369055573165,20,20,-,-,"0,1,2,3,4,5,6,7,8,9,10,11,12,13,14,15,16,17,18,19"
MG_standard,nrmse_150,MG_standard,AB-noaux-kraus vs M0-noaux,20,20,False,0,False,-3.7581497030986233,-5.460525271208224,-2.1502256530695067,-0.9502379892649113,3,17,0.0001049041748046875,0.0068187713623046875,True,True,2.435127846526689,6.193277549625313,20,20,-,-,"0,1,2,3,4,5,6,7,8,9,10,11,12,13,14,15,16,17,18,19"
MG_standard,nrmse_150,MG_standard,ABC-noaux-kraus vs AB-noaux-kraus,20,20,False,0,False,-1.1002123978405265,-1.5949483970989191,-0.4846214929561135,-0.8686008938550995,3,17,0.0023250579833984375,0.12090301513671875,True,False,1.334915448686163,2.435127846526689,20,20,-,-,"0,1,2,3,4,5,6,7,8,9,10,11,12,13,14,15,16,17,18,19"
MG_standard,nrmse_150,MG_standard,ABC-noaux-hierarchical vs ABC-noaux-tied,20,20,False,0,False,0.5630090872468685,0.1413189861954367,1.1101303606032273,0.5050766811187083,16,4,0.009435653686523438,0.4340400695800781,True,False,1.334915448686163,0.7719063614392944,20,20,-,-,"0,1,2,3,4,5,6,7,8,9,10,11,12,13,14,15,16,17,18,19"
MG_standard,nrmse_150,MG_standard,AB-embedded vs AB-Markov,20,20,False,0,False,-0.1371849139533894,-0.24989444703602537,-0.015872140451719186,-0.4935205131671646,6,14,0.039989471435546875,1.0,True,False,0.8469655091464435,0.984150423099833,20,20,-,-,"0,1,2,3,4,5,6,7,8,9,10,11,12,13,14,15,16,17,18,19"
MG_standard,nrmse_150,MG_standard,ABC-embedded-hierarchical vs AB-embedded,20,20,False,0,False,0.7820303697153668,0.2802694632130038,1.6643972011327934,0.4343194539813454,18,2,0.0001049041748046875,0.0068187713623046875,True,True,1.6289958788618104,0.8469655091464435,20,20,-,-,"0,1,2,3,4,5,6,7,8,9,10,11,12,13,14,15,16,17,18,19"
MG_standard,nrmse_150,MG_standard,ABC-embedded-hierarchical vs ABC-embedded-tied,20,20,False,0,False,0.48013223315603826,-0.10249754213158656,1.431468139183988,0.250518753892284,14,6,0.16495704650878906,1.0,False,False,1.6289958788618104,1.1488636457057724,20,20,-,-,"0,1,2,3,4,5,6,7,8,9,10,11,12,13,14,15,16,17,18,19"
MG_standard,nrmse_150,MG_standard,ABC-embedded-hierarchical vs ABC-noaux-hierarchical,20,20,False,0,False,0.29408043017564756,-0.5661783434347145,1.3955451526825313,0.12905533562375784,13,7,0.49800872802734375,1.0,False,False,1.6289958788618104,1.334915448686163,20,20,-,-,"0,1,2,3,4,5,6,7,8,9,10,11,12,13,14,15,16,17,18,19"
MG_standard,r2_150,MG_standard,AB-noaux-kraus vs M0-noaux,20,20,False,0,False,46.94361736634923,21.50001290815885,77.2823989818489,0.7047893653176888,17,3,0.0001049041748046875,0.0068187713623046875,True,True,-5.0562122324220855,-51.99982959877133,20,20,-,-,"0,1,2,3,4,5,6,7,8,9,10,11,12,13,14,15,16,17,18,19"
MG_standard,r2_150,MG_standard,ABC-noaux-kraus vs AB-noaux-kraus,20,20,False,0,False,3.114749986851341,-0.09637030137396829,5.453879440186189,0.48223099768761224,17,3,0.0023250579833984375,0.12090301513671875,False,False,-1.9414622455707438,-5.0562122324220855,20,20,-,-,"0,1,2,3,4,5,6,7,8,9,10,11,12,13,14,15,16,17,18,19"
MG_standard,r2_150,MG_standard,ABC-noaux-hierarchical vs ABC-noaux-tied,20,20,False,0,False,-2.2651992833961634,-5.199411640234633,-0.3788553464064615,-0.3933690941514455,4,16,0.013616561889648438,0.6127452850341797,True,False,-1.9414622455707438,0.3237370378254192,20,20,-,-,"0,1,2,3,4,5,6,7,8,9,10,11,12,13,14,15,16,17,18,19"
MG_standard,r2_150,MG_standard,AB-embedded vs AB-Markov,20,20,False,0,False,0.17779862130581095,-0.05097663697893777,0.38006690704208207,0.3478327432676861,14,6,0.09730720520019531,1.0,False,False,0.20905069748565067,0.03125207617983972,20,20,-,-,"0,1,2,3,4,5,6,7,8,9,10,11,12,13,14,15,16,17,18,19"
MG_standard,r2_150,MG_standard,ABC-embedded-hierarchical vs AB-embedded,20,20,False,0,False,-5.151595322674903,-13.992323146004974,-0.5804870590137108,-0.26777073405234614,2,18,0.0001678466796875,0.009735107421875,True,True,-4.942544625189251,0.20905069748565067,20,20,-,-,"0,1,2,3,4,5,6,7,8,9,10,11,12,13,14,15,16,17,18,19"
MG_standard,r2_150,MG_standard,ABC-embedded-hierarchical vs ABC-embedded-tied,20,20,False,0,False,-4.405248347312772,-13.505069973361246,0.5199185823105704,-0.22623794254968158,6,14,0.09730720520019531,1.0,False,False,-4.942544625189251,-0.5372962778764794,20,20,-,-,"0,1,2,3,4,5,6,7,8,9,10,11,12,13,14,15,16,17,18,19"
MG_standard,r2_150,MG_standard,ABC-embedded-hierarchical vs ABC-noaux-hierarchical,20,20,False,0,False,-3.001082379618507,-13.331777689529222,3.5046116239050105,-0.14483813098852438,7,13,0.5216732025146484,1.0,False,False,-4.942544625189251,-1.9414622455707438,20,20,-,-,"0,1,2,3,4,5,6,7,8,9,10,11,12,13,14,15,16,17,18,19"
MG_standard,valid_prediction_time,MG_standard,AB-noaux-kraus vs M0-noaux,20,20,False,0,False,-5.1,-7.25,-2.85,-0.9943719174454201,3,15,0.0014275609594828979,0.07566073085259359,True,False,5.75,10.85,20,20,-,-,"0,1,2,3,4,5,6,7,8,9,10,11,12,13,14,15,16,17,18,19"
MG_standard,valid_prediction_time,MG_standard,ABC-noaux-kraus vs AB-noaux-kraus,20,20,False,0,False,-4.6,-6.00125,-3.4,-1.4592632225004412,0,20,1.9073486328125e-06,0.0003643035888671875,True,True,1.15,5.75,20,20,-,-,"0,1,2,3,4,5,6,7,8,9,10,11,12,13,14,15,16,17,18,19"
MG_standard,valid_prediction_time,MG_standard,ABC-noaux-hierarchical vs ABC-noaux-tied,20,20,False,0,False,-39.8,-44.0025,-35.7,-4.0474515075092645,0,20,1.9073486328125e-06,0.0003643035888671875,True,True,1.15,40.95,20,20,-,-,"0,1,2,3,4,5,6,7,8,9,10,11,12,13,14,15,16,17,18,19"
MG_standard,valid_prediction_time,MG_standard,AB-embedded vs AB-Markov,20,20,False,0,False,32.35,26.3,38.3,2.291549471559014,20,0,1.9073486328125e-06,0.0003643035888671875,True,True,34.45,2.1,20,20,-,-,"0,1,2,3,4,5,6,7,8,9,10,11,12,13,14,15,16,17,18,19"
MG_standard,valid_prediction_time,MG_standard,ABC-embedded-hierarchical vs AB-embedded,20,20,False,0,False,-6.2,-11.60125,-1.048750000000007,-0.5008785905408764,6,13,0.047238528359826545,1.0,True,False,28.25,34.45,20,20,-,-,"0,1,2,3,4,5,6,7,8,9,10,11,12,13,14,15,16,17,18,19"
MG_standard,valid_prediction_time,MG_standard,ABC-embedded-hierarchical vs ABC-embedded-tied,20,20,False,0,False,-3.85,-11.301250000000001,3.351249999999993,-0.230939355994764,7,12,0.39710564354442124,1.0,False,False,28.25,32.1,20,20,-,-,"0,1,2,3,4,5,6,7,8,9,10,11,12,13,14,15,16,17,18,19"
MG_standard,valid_prediction_time,MG_standard,ABC-embedded-hierarchical vs ABC-noaux-hierarchical,20,20,False,0,False,27.1,23.75,31.25,3.1196207712559207,20,0,1.9073486328125e-06,0.0003643035888671875,True,True,28.25,1.15,20,20,-,-,"0,1,2,3,4,5,6,7,8,9,10,11,12,13,14,15,16,17,18,19"
MG_two_delay,mse_150,MG_two_delay,AB-noaux-kraus vs M0-noaux,20,20,False,0,False,-0.00621969063278114,-0.0139537226255381,0.0008448714873090714,-0.3570194801054388,15,5,0.5705966949462891,1.0,False,False,0.001644697776350999,0.007864388409132138,20,20,-,-,"0,1,2,3,4,5,6,7,8,9,10,11,12,13,14,15,16,17,18,19"
MG_two_delay,mse_150,MG_two_delay,ABC-noaux-kraus vs AB-noaux-kraus,20,20,False,0,False,-0.0015810303831420018,-0.004255429040305955,-0.00017852169408885535,-0.2809773004622752,2,18,8.20159912109375e-05,0.0054950714111328125,True,True,6.366739320899707e-05,0.001644697776350999,20,20,-,-,"0,1,2,3,4,5,6,7,8,9,10,11,12,13,14,15,16,17,18,19"
MG_two_delay,mse_150,MG_two_delay,ABC-noaux-hierarchical vs ABC-noaux-tied,20,20,False,0,False,-1.0380302067706701,-1.071853488493467,-1.0031070101683512,-12.694518326321077,0,20,1.9073486328125e-06,0.0003643035888671875,True,True,6.366739320899707e-05,1.0380938741638792,20,20,-,-,"0,1,2,3,4,5,6,7,8,9,10,11,12,13,14,15,16,17,18,19"
MG_two_delay,mse_150,MG_two_delay,AB-embedded vs AB-Markov,20,20,False,0,False,-0.018672367276951877,-0.022503150139609226,-0.01530452619284167,-2.232632745218914,0,20,1.9073486328125e-06,0.0003643035888671875,True,True,5.712072908758914e-06,0.018678079349860634,20,20,-,-,"0,1,2,3,4,5,6,7,8,9,10,11,12,13,14,15,16,17,18,19"
MG_two_delay,mse_150,MG_two_delay,ABC-embedded-hierarchical vs AB-embedded,20,20,False,0,False,4.484689213876221e-05,2.5755867103450243e-05,6.853026382692383e-05,0.8772534148689184,20,0,1.9073486328125e-06,0.0003643035888671875,True,True,5.055896504752112e-05,5.712072908758914e-06,20,20,-,-,"0,1,2,3,4,5,6,7,8,9,10,11,12,13,14,15,16,17,18,19"
MG_two_delay,mse_150,MG_two_delay,ABC-embedded-hierarchical vs ABC-embedded-tied,20,20,False,0,False,-0.2989778822838875,-0.5217143817845133,-0.1135467361790983,-0.626632614792857,0,20,1.9073486328125e-06,0.0003643035888671875,True,True,5.055896504752112e-05,0.2990284412489351,20,20,-,-,"0,1,2,3,4,5,6,7,8,9,10,11,12,13,14,15,16,17,18,19"
MG_two_delay,mse_150,MG_two_delay,ABC-embedded-hierarchical vs ABC-noaux-hierarchical,20,20,False,0,False,-1.3108428161475938e-05,-5.7745669008772104e-05,2.1400110726567897e-05,-0.13895974710245879,9,11,0.7011814117431641,1.0,False,False,5.055896504752112e-05,6.366739320899707e-05,20,20,-,-,"0,1,2,3,4,5,6,7,8,9,10,11,12,13,14,15,16,17,18,19"
MG_two_delay,nrmse_150,MG_two_delay,AB-noaux-kraus vs M0-noaux,20,20,False,0,False,-0.06470496227493247,-0.17925437653877002,0.04482823825309367,-0.24763235993578903,15,5,0.5705966949462891,1.0,False,False,0.06837912437331685,0.1330840866482493,20,20,-,-,"0,1,2,3,4,5,6,7,8,9,10,11,12,13,14,15,16,17,18,19"
MG_two_delay,nrmse_150,MG_two_delay,ABC-noaux-kraus vs AB-noaux-kraus,20,20,False,0,False,-0.04772492891569245,-0.09530041071281216,-0.019265129469430386,-0.5222021518806167,2,18,6.29425048828125e-05,0.00428009033203125,True,True,0.02065419545762438,0.06837912437331685,20,20,-,-,"0,1,2,3,4,5,6,7,8,9,10,11,12,13,14,15,16,17,18,19"
MG_two_delay,nrmse_150,MG_two_delay,ABC-noaux-hierarchical vs ABC-noaux-tied,20,20,False,0,False,-2.9271156802401346,-2.9722552691929107,-2.8786701427447334,-26.665674947201072,0,20,1.9073486328125e-06,0.0003643035888671875,True,True,0.02065419545762438,2.9477698756977593,20,20,-,-,"0,1,2,3,4,5,6,7,8,9,10,11,12,13,14,15,16,17,18,19"
MG_two_delay,nrmse_150,MG_two_delay,AB-embedded vs AB-Markov,20,20,False,0,False,-0.3799085380321362,-0.4184594006732951,-0.34395775590583805,-4.414625018013818,0,20,1.9073486328125e-06,0.0003643035888671875,True,True,0.006647344456727785,0.386555882488864,20,20,-,-,"0,1,2,3,4,5,6,7,8,9,10,11,12,13,14,15,16,17,18,19"
MG_two_delay,nrmse_150,MG_two_delay,ABC-embedded-hierarchical vs AB-embedded,20,20,False,0,False,0.012321280840785011,0.008814139076889816,0.016362225678593155,1.3702461843098097,20,0,1.9073486328125e-06,0.0003643035888671875,True,True,0.018968625297512795,0.006647344456727785,20,20,-,-,"0,1,2,3,4,5,6,7,8,9,10,11,12,13,14,15,16,17,18,19"
MG_two_delay,nrmse_150,MG_two_delay,ABC-embedded-hierarchical vs ABC-embedded-tied,20,20,False,0,False,-0.9812740900645867,-1.547087299577707,-0.4693114914315734,-0.7802665939855621,0,20,1.9073486328125e-06,0.0003643035888671875,True,True,0.018968625297512795,1.0002427153620994,20,20,-,-,"0,1,2,3,4,5,6,7,8,9,10,11,12,13,14,15,16,17,18,19"
MG_two_delay,nrmse_150,MG_two_delay,ABC-embedded-hierarchical vs ABC-noaux-hierarchical,20,20,False,0,False,-0.0016855701601115852,-0.007470512030866729,0.003102970776254635,-0.1349268110785727,9,11,0.7011814117431641,1.0,False,False,0.018968625297512795,0.02065419545762438,20,20,-,-,"0,1,2,3,4,5,6,7,8,9,10,11,12,13,14,15,16,17,18,19"
MG_two_delay,r2_150,MG_two_delay,AB-noaux-kraus vs M0-noaux,20,20,False,0,False,0.05213860095022811,-0.0070824129256312875,0.11697166606786484,0.3570194801054365,5,15,0.5705966949462891,1.0,False,False,0.9862127803281832,0.9340741793779552,20,20,-,-,"0,1,2,3,4,5,6,7,8,9,10,11,12,13,14,15,16,17,18,19"
MG_two_delay,r2_150,MG_two_delay,ABC-noaux-kraus vs AB-noaux-kraus,20,20,False,0,False,0.013253506822729088,0.0014965167752880371,0.03567253255895726,0.28097730046228087,18,2,8.20159912109375e-05,0.0054950714111328125,True,True,0.9994662871509125,0.9862127803281832,20,20,-,-,"0,1,2,3,4,5,6,7,8,9,10,11,12,13,14,15,16,17,18,19"
MG_two_delay,r2_150,MG_two_delay,ABC-noaux-hierarchical vs ABC-noaux-tied,20,20,False,0,False,8.701629376845478,8.408874203146349,8.985164152558832,12.694518326321083,20,0,1.9073486328125e-06,0.0003643035888671875,True,True,0.9994662871509125,-7.7021630896945625,20,20,-,-,"0,1,2,3,4,5,6,7,8,9,10,11,12,13,14,15,16,17,18,19"
MG_two_delay,r2_150,MG_two_delay,AB-embedded vs AB-Markov,20,20,False,0,False,0.1565272557316527,0.128295220938358,0.18864005213833748,2.232632745218921,20,0,1.9073486328125e-06,0.0003643035888671875,True,True,0.9999521166714598,0.843424860939807,20,20,-,-,"0,1,2,3,4,5,6,7,8,9,10,11,12,13,14,15,16,17,18,19"
MG_two_delay,r2_150,MG_two_delay,ABC-embedded-hierarchical vs AB-embedded,20,20,False,0,False,-0.0003759438131468007,-0.0005744774603183269,-0.000215907021155793,-0.8772534148689923,0,20,1.9073486328125e-06,0.0003643035888671875,True,True,0.999576172858313,0.9999521166714598,20,20,-,-,"0,1,2,3,4,5,6,7,8,9,10,11,12,13,14,15,16,17,18,19"
MG_two_delay,r2_150,MG_two_delay,ABC-embedded-hierarchical vs ABC-embedded-tied,20,20,False,0,False,2.506280363075493,0.9518428353398111,4.373442276773607,0.6266326147928571,20,0,1.9073486328125e-06,0.0003643035888671875,True,True,0.999576172858313,-1.5067041902171803,20,20,-,-,"0,1,2,3,4,5,6,7,8,9,10,11,12,13,14,15,16,17,18,19"
MG_two_delay,r2_150,MG_two_delay,ABC-embedded-hierarchical vs ABC-noaux-hierarchical,20,20,False,0,False,0.00010988570740060876,-0.00017939346172343788,0.0004840720496908586,0.13895974710245515,11,9,0.7011814117431641,1.0,False,False,0.999576172858313,0.9994662871509125,20,20,-,-,"0,1,2,3,4,5,6,7,8,9,10,11,12,13,14,15,16,17,18,19"
MG_two_delay,valid_prediction_time,MG_two_delay,AB-noaux-kraus vs M0-noaux,20,20,False,0,False,31.55,-189.6525,244.15125,0.0595825216890639,8,9,0.7763579405343053,1.0,False,False,606.15,574.6,20,20,-,-,"0,1,2,3,4,5,6,7,8,9,10,11,12,13,14,15,16,17,18,19"
MG_two_delay,valid_prediction_time,MG_two_delay,ABC-noaux-kraus vs AB-noaux-kraus,20,20,False,0,False,264.3,101.13000000000001,426.4599999999999,0.6581336850593126,13,2,0.007586051542774685,0.3641304740531849,True,False,870.45,606.15,20,20,-,-,"0,1,2,3,4,5,6,7,8,9,10,11,12,13,14,15,16,17,18,19"
MG_two_delay,valid_prediction_time,MG_two_delay,ABC-noaux-hierarchical vs ABC-noaux-tied,20,20,False,0,False,869.45,754.1,971.35,3.2818954937122764,20,0,1.9073486328125e-06,0.0003643035888671875,True,True,870.45,1.0,20,20,-,-,"0,1,2,3,4,5,6,7,8,9,10,11,12,13,14,15,16,17,18,19"
MG_two_delay,valid_prediction_time,MG_two_delay,AB-embedded vs AB-Markov,20,20,False,0,False,996.8,996.45,997.1,1298.3022760513052,20,0,1.9073486328125e-06,0.0003643035888671875,True,True,1000.0,3.2,20,20,-,-,"0,1,2,3,4,5,6,7,8,9,10,11,12,13,14,15,16,17,18,19"
MG_two_delay,valid_prediction_time,MG_two_delay,ABC-embedded-hierarchical vs AB-embedded,20,20,False,0,False,-89.6,-176.65125,-19.527500000000124,-0.45919560125952075,0,7,0.017960477526078766,0.772300533621387,True,False,910.4,1000.0,20,20,-,-,"0,1,2,3,4,5,6,7,8,9,10,11,12,13,14,15,16,17,18,19"
MG_two_delay,valid_prediction_time,MG_two_delay,ABC-embedded-hierarchical vs ABC-embedded-tied,20,20,False,0,False,714.15,586.4462500000001,828.2837499999998,2.507335391029907,19,0,0.0001318338889828333,0.008041867227952831,True,True,910.4,196.25,20,20,-,-,"0,1,2,3,4,5,6,7,8,9,10,11,12,13,14,15,16,17,18,19"
MG_two_delay,valid_prediction_time,MG_two_delay,ABC-embedded-hierarchical vs ABC-noaux-hierarchical,20,20,False,0,False,39.95,-57.45125,157.30624999999998,0.15802056411529328,3,5,0.6744240722352938,1.0,False,False,910.4,870.45,20,20,-,-,"0,1,2,3,4,5,6,7,8,9,10,11,12,13,14,15,16,17,18,19"
paper_MG,mse_150,paper_MG,Omega0.5 vs Omega1.0,100,100,False,0,False,-0.028187945380384133,-0.03106747224885554,-0.025218227626368783,-1.9019774402429346,6,94,3.536288390303153e-17,6.895762361091148e-15,True,True,0.029728253482965327,0.05791619886334948,100,100,-,-,"0,1,2,3,4,5,6,7,8,9,10,11,12,13,14,15,16,17,18,19,20,21,22,23,24,25,26,27,28,29,30,31,32,33,34,35,36,37,38,39,40,41,42,43,44,45,46,47,48,49,50,51,52,53,54,55,56,57,58,59,60,61,62,63,64,65,66,67,68,69,70,71,72,73,74,75,76,77,78,79,80,81,82,83,84,85,86,87,88,89,90,91,92,93,94,95,96,97,98,99"
paper_MG,mse_150,paper_MG,Omega0.5 vs Omega0.0,100,100,False,0,False,-0.17226277398079098,-0.2695509818796037,-0.09270483050575012,-0.37445838831517697,35,65,0.00015763718134064806,0.009458230880438883,True,True,0.029728253482965327,0.20199102746375636,100,100,-,-,"0,1,2,3,4,5,6,7,8,9,10,11,12,13,14,15,16,17,18,19,20,21,22,23,24,25,26,27,28,29,30,31,32,33,34,35,36,37,38,39,40,41,42,43,44,45,46,47,48,49,50,51,52,53,54,55,56,57,58,59,60,61,62,63,64,65,66,67,68,69,70,71,72,73,74,75,76,77,78,79,80,81,82,83,84,85,86,87,88,89,90,91,92,93,94,95,96,97,98,99"
paper_MG,nrmse_150,paper_MG,Omega0.5 vs Omega1.0,100,100,False,0,False,-0.29755838070722507,-0.3301979201240511,-0.26486928258343173,-1.832108087658867,6,94,2.2731525308328643e-17,4.455378960432414e-15,True,True,0.6878466152560133,0.9854049959632384,100,100,-,-,"0,1,2,3,4,5,6,7,8,9,10,11,12,13,14,15,16,17,18,19,20,21,22,23,24,25,26,27,28,29,30,31,32,33,34,35,36,37,38,39,40,41,42,43,44,45,46,47,48,49,50,51,52,53,54,55,56,57,58,59,60,61,62,63,64,65,66,67,68,69,70,71,72,73,74,75,76,77,78,79,80,81,82,83,84,85,86,87,88,89,90,91,92,93,94,95,96,97,98,99"
paper_MG,nrmse_150,paper_MG,Omega0.5 vs Omega0.0,100,100,False,0,False,-0.619534619359616,-0.8980573337630731,-0.3760249458736698,-0.45619881621693237,35,65,0.0006080233557528743,0.03344128456640809,True,True,0.6878466152560133,1.307381234615629,100,100,-,-,"0,1,2,3,4,5,6,7,8,9,10,11,12,13,14,15,16,17,18,19,20,21,22,23,24,25,26,27,28,29,30,31,32,33,34,35,36,37,38,39,40,41,42,43,44,45,46,47,48,49,50,51,52,53,54,55,56,57,58,59,60,61,62,63,64,65,66,67,68,69,70,71,72,73,74,75,76,77,78,79,80,81,82,83,84,85,86,87,88,89,90,91,92,93,94,95,96,97,98,99"
paper_MG,r2_150,paper_MG,Omega0.5 vs Omega1.0,100,100,False,0,False,0.4727834423388677,0.42297373242310754,0.5210804220162357,1.901977440242935,94,6,3.536288390303153e-17,6.895762361091148e-15,True,True,0.5013816783475238,0.028598236008656183,100,100,-,-,"0,1,2,3,4,5,6,7,8,9,10,11,12,13,14,15,16,17,18,19,20,21,22,23,24,25,26,27,28,29,30,31,32,33,34,35,36,37,38,39,40,41,42,43,44,45,46,47,48,49,50,51,52,53,54,55,56,57,58,59,60,61,62,63,64,65,66,67,68,69,70,71,72,73,74,75,76,77,78,79,80,81,82,83,84,85,86,87,88,89,90,91,92,93,94,95,96,97,98,99"
paper_MG,r2_150,paper_MG,Omega0.5 vs Omega0.0,100,100,False,0,False,2.8892842727784087,1.5548954809047706,4.521054634494401,0.3744583883151771,65,35,0.00015763718134064806,0.009458230880438883,True,True,0.5013816783475238,-2.387902594430885,100,100,-,-,"0,1,2,3,4,5,6,7,8,9,10,11,12,13,14,15,16,17,18,19,20,21,22,23,24,25,26,27,28,29,30,31,32,33,34,35,36,37,38,39,40,41,42,43,44,45,46,47,48,49,50,51,52,53,54,55,56,57,58,59,60,61,62,63,64,65,66,67,68,69,70,71,72,73,74,75,76,77,78,79,80,81,82,83,84,85,86,87,88,89,90,91,92,93,94,95,96,97,98,99"
paper_MG,valid_prediction_time,paper_MG,Omega0.5 vs Omega1.0,100,100,False,0,False,1.87,1.46,2.3102499999999986,0.8326722124332206,77,3,4.294320257509469e-13,8.288038096993274e-11,True,True,3.94,2.07,100,100,-,-,"0,1,2,3,4,5,6,7,8,9,10,11,12,13,14,15,16,17,18,19,20,21,22,23,24,25,26,27,28,29,30,31,32,33,34,35,36,37,38,39,40,41,42,43,44,45,46,47,48,49,50,51,52,53,54,55,56,57,58,59,60,61,62,63,64,65,66,67,68,69,70,71,72,73,74,75,76,77,78,79,80,81,82,83,84,85,86,87,88,89,90,91,92,93,94,95,96,97,98,99"
paper_MG,valid_prediction_time,paper_MG,Omega0.5 vs Omega0.0,100,100,False,0,False,-46.29,-52.2615,-40.84975,-1.5491094709849274,0,100,3.862411620901339e-18,7.647575009384652e-16,True,True,3.94,50.23,100,100,-,-,"0,1,2,3,4,5,6,7,8,9,10,11,12,13,14,15,16,17,18,19,20,21,22,23,24,25,26,27,28,29,30,31,32,33,34,35,36,37,38,39,40,41,42,43,44,45,46,47,48,49,50,51,52,53,54,55,56,57,58,59,60,61,62,63,64,65,66,67,68,69,70,71,72,73,74,75,76,77,78,79,80,81,82,83,84,85,86,87,88,89,90,91,92,93,94,95,96,97,98,99"
paper_nonmark,nonmarkovianity(backflow proxy),paper_nonmark,Omega0.5 vs Omega1.0,100,100,False,0,False,2.0264209143361356e-07,1.209975223856464e-07,2.8140515156571675e-07,0.5247623656879747,69,31,1.8836886112773907e-06,0.00036166821336525905,True,True,5.911372894780165e-06,5.708730803346551e-06,100,100,-,-,"0,1,2,3,4,5,6,7,8,9,10,11,12,13,14,15,16,17,18,19,20,21,22,23,24,25,26,27,28,29,30,31,32,33,34,35,36,37,38,39,40,41,42,43,44,45,46,47,48,49,50,51,52,53,54,55,56,57,58,59,60,61,62,63,64,65,66,67,68,69,70,71,72,73,74,75,76,77,78,79,80,81,82,83,84,85,86,87,88,89,90,91,92,93,94,95,96,97,98,99"
paper_STM,stm_capacity_tau_ge_10,paper_STM,Omega0.5 vs Omega1.0,100,100,False,0,False,0.01347960069218418,0.012053966270083661,0.01502191585310898,1.749481248893222,100,0,3.896559845095909e-18,7.676222894838941e-16,True,True,0.014589176329540496,0.001109575637356316,100,100,-,-,"0,1,2,3,4,5,6,7,8,9,10,11,12,13,14,15,16,17,18,19,20,21,22,23,24,25,26,27,28,29,30,31,32,33,34,35,36,37,38,39,40,41,42,43,44,45,46,47,48,49,50,51,52,53,54,55,56,57,58,59,60,61,62,63,64,65,66,67,68,69,70,71,72,73,74,75,76,77,78,79,80,81,82,83,84,85,86,87,88,89,90,91,92,93,94,95,96,97,98,99"
