seed,r2_teacher_forced,nrmse_teacher_forced,teacher_forced_ok,mse_150,nrmse_150,r2_150,mse_1000,nrmse_1000,r2_1000,valid_prediction_time,valid_threshold,diverged,out_of_range_fraction,grid_clamps,model,series,n_aux,device,seconds
0,0.9960810693819232,0.06260136274935904,True,3.315137414881806,7.456760355932596,-54.60327500580802,4.572883559363964,8.457937493369899,-70.53670664175229,6,0.1,True,0.784,0,M0-noaux,MG_standard,0,cpu,2.7386231422424316
0,0.9790009589039582,0.14491045889114348,False,0.30366885698601315,2.256833635994368,-4.0932980605555604,0.44052783993135997,2.625161821691678,-5.8914745900675705,8,0.1,False,0.534,0,AB-noaux-kraus,MG_standard,0,cpu,4.333119869232178
0,0.968671596217539,0.1769983157616509,False,0.04172651368359132,0.8365761299446249,0.30014037880687394,0.164792078703053,1.6056007627172308,-1.5779538092381538,1,0.1,False,0.152,0,ABC-noaux-kraus,MG_standard,0,cpu,5.755282640457153
0,0.9993890404361025,0.024717596240278878,True,0.020245415560344173,0.5827238136282178,0.660432957030586,0.12793552133000788,1.4147020126233383,-1.001381784520524,44,0.1,False,0.009,0,ABC-noaux-tied,MG_standard,0,cpu,5.801877975463867
0,0.968671596217539,0.1769983157616509,False,0.04172651368359132,0.8365761299446249,0.30014037880687394,0.164792078703053,1.6056007627172308,-1.5779538092381538,1,0.1,False,0.152,0,ABC-noaux-hierarchical,MG_standard,0,cpu,5.780307292938232
0,0.8969219553764965,0.3210576967205481,False,0.0927262431341673,1.2470984825073395,-0.5552546250721087,0.1166642183282382,1.3509467708071026,-0.825057177554138,4,0.1,False,0.043,0,ABC-noaux-shuffled-history,MG_standard,0,cpu,3.209547996520996
1,0.9976976367790472,0.047982947189109074,True,0.1363159945942401,1.512073237797085,-1.2863654764621595,0.7619620889633222,3.452519034898276,-10.919887686334924,15,0.1,True,0.453,0,M0-noaux,MG_standard,0,cpu,2.8002727031707764
1,0.9773734951091985,0.1504210919080217,False,0.2933281848564651,2.2180754548245627,-3.9198587232951914,0.5241248673737309,2.8634313965408515,-7.1992393626958915,4,0.1,False,0.574,0,AB-noaux-kraus,MG_standard,0,cpu,4.079735994338989
1,0.9585442885915693,0.20360675678481496,False,0.4733357868451078,2.8176308193025466,-6.9390434338835405,0.9702218551868873,3.895874214500261,-14.177835895208027,1,0.1,False,0.894,0,ABC-noaux-kraus,MG_standard,0,cpu,5.322210073471069
1,0.9995887318262555,0.02027974787181651,True,0.02911020577805322,0.6987503787330416,0.5117479082204309,0.04988522759138916,0.8833958989083884,0.21961168579184032,42,0.1,False,0.005,0,ABC-noaux-tied,MG_standard,0,cpu,5.7377448081970215
1,0.9585442885915693,0.20360675678481496,False,0.4733357868451078,2.8176308193025466,-6.9390434338835405,0.9702218551868873,3.895874214500261,-14.177835895208027,1,0.1,False,0.894,0,ABC-noaux-hierarchical,MG_standard,0,cpu,5.263273000717163
1,0.9059730178294956,0.30663819424609257,False,0.15700023417009784,1.6227423433186154,-1.6332927127991912,0.14438503430413063,1.5029014033274257,-1.2587126281235457,1,0.1,False,0.037,0,ABC-noaux-shuffled-history,MG_standard,0,cpu,3.104585647583008
2,0.9969131158417271,0.05555973504502065,True,7.886470753092895,11.501136744899377,-131.27614642487464,4.761552639276819,8.630653770749904,-73.48818451055952,11,0.1,True,0.744,0,M0-noaux,MG_standard,0,cpu,2.6748156547546387
2,0.97908231484911,0.1446294753875917,False,0.297384937432165,2.2333608683495054,-3.987900768274857,0.4873870513089783,2.761254223804332,-6.624524888477265,8,0.1,False,0.598,0,AB-noaux-kraus,MG_standard,0,cpu,4.26530909538269
2,0.9591059037408767,0.2022228875748818,False,0.05015760941187985,0.917207998121151,0.1587294881825907,2.2544296204639984,5.938650140312794,-34.26756548903717,1,0.1,False,0.851,0,ABC-noaux-kraus,MG_standard,0,cpu,5.316486835479736
2,0.9994700932797799,0.02301970286993513,True,0.02323062294785729,0.6242087418349017,0.610363446616889,0.08152106273568191,1.1292869672248815,-0.2752890543439708,56,0.1,False,0.012,0,ABC-noaux-tied,MG_standard,0,cpu,5.676755905151367
2,0.9591059037408767,0.2022228875748818,False,0.05015760941187985,0.917207998121151,0.1587294881825907,2.2544296204639984,5.938650140312794,-34.26756548903717,1,0.1,False,0.851,0,ABC-noaux-hierarchical,MG_standard,0,cpu,5.291884899139404
2,0.8859163009086228,0.3377627852374758,False,0.09384390005723044,1.2545917943926141,-0.5740005705572795,0.12791649613200276,1.4145968190604796,-1.0010841604960272,4,0.1,False,0.03,0,ABC-noaux-shuffled-history,MG_standard,0,cpu,3.1077680587768555
3,0.9954899144973038,0.06715717015104342,True,1.320014094023848,4.705314998601294,-21.13998923606229,1.755704340034246,5.240769888394576,-26.465669023103292,7,0.1,False,0.969,0,M0-noaux,MG_standard,0,cpu,2.5841870307922363
3,0.9758449220048946,0.155419040001878,False,0.5174686013356643,2.9460588642613357,-7.679262831692791,0.738589240647933,3.3991543699961357,-10.554250431063826,4,0.1,False,0.6,0,AB-noaux-kraus,MG_standard,0,cpu,4.233043432235718
3,0.9653237036515836,0.18621572529841943,False,0.14728385016524764,1.5717265261814495,-1.4703242731024067,1.103532447637454,4.154913181799626,-16.263303548292292,2,0.1,False,0.871,0,ABC-noaux-kraus,MG_standard,0,cpu,5.397120952606201
3,0.9996907705934679,0.01758491986140781,True,0.025429833565734233,0.6530872081983559,0.5734770984876774,0.09480403777674458,1.2178192008532998,-0.4830836059669694,42,0.1,False,0.007,0,ABC-noaux-tied,MG_standard,0,cpu,5.784114599227905
3,0.9653237036515836,0.18621572529841943,False,0.14728385016524764,1.5717265261814495,-1.4703242731024067,1.103532447637454,4.154913181799626,-16.263303548292292,2,0.1,False,0.871,0,ABC-noaux-hierarchical,MG_standard,0,cpu,5.3923094272613525
3,0.9068027039213917,0.3052823219228527,False,0.09677236086526342,1.2740165998506117,-0.6231182966949136,0.13097161374005217,1.4313900338705985,-1.0488774290640728,5,0.1,False,0.04,0,ABC-noaux-shuffled-history,MG_standard,0,cpu,3.1888668537139893
4,0.9976857341953358,0.048106816613284795,True,1.3192034310123797,4.703869934240233,-21.126392358249213,1.838964212260474,5.363595757411891,-27.768159448926834,14,0.1,True,0.697,0,M0-noaux,MG_standard,0,cpu,2.897763729095459
4,0.9791287629762285,0.14446880986486843,False,0.3078633804037479,2.272366799726362,-4.163650872498628,0.49488749484818284,2.782419701184549,-6.741859393539916,14,0.1,False,0.584,0,AB-noaux-kraus,MG_standard,0,cpu,4.496271133422852
4,0.9617586359140087,0.19555399276412477,False,0.035977570071038946,0.776810938584458,0.39656476569553334,0.5488524487277768,2.9301995874094096,-7.586069622054275,1,0.1,True,0.473,0,ABC-noaux-kraus,MG_standard,0,cpu,5.729454040527344
4,0.9997079292176023,0.017090078478393583,True,0.022663606716807845,0.6165437948341598,0.6198737490514935,0.1386472623480333,1.4727364955666626,-1.1689527853739743,43,0.1,False,0.0,0,ABC-noaux-tied,MG_standard,0,cpu,5.913434743881226
4,0.9617586359140087,0.19555399276412477,False,0.035977570071038946,0.776810938584458,0.39656476569553334,0.5488524487277768,2.9301995874094096,-7.586069622054275,1,0.1,True,0.473,0,ABC-noaux-hierarchical,MG_standard,0,cpu,5.7352917194366455
4,0.8861857416534031,0.3373636885419012,False,0.15889799278104036,1.6325204271536955,-1.6651229450740845,0.24064025860470412,1.940231461760072,-2.7644981252036254,2,0.1,False,0.145,0,ABC-noaux-shuffled-history,MG_standard,0,cpu,3.23701548576355
5,0.9960439398664677,0.06289721880601978,True,2.2917180129703585,6.199833232979658,-37.437932116758994,2.347177677353877,6.059578037876314,-35.71848599711296,3,0.1,True,0.814,0,M0-noaux,MG_standard,0,cpu,2.7784621715545654
5,0.9792449301089622,0.14406619968277704,False,0.33396135425004475,2.366723512287464,-4.6013801836143085,0.5560563403025699,2.9493668751797766,-7.6987649644077205,8,0.1,False,0.628,0,AB-noaux-kraus,MG_standard,0,cpu,4.3965208530426025
5,0.9645489336118136,0.18828453571174253,False,0.019634030215706505,0.5738576110856463,0.6706874421990752,0.29733628621461505,2.156717966031979,-3.6514323850051165,1,0.1,False,0.24,0,ABC-noaux-kraus,MG_standard,0,cpu,5.826254367828369
5,0.9993470013689421,0.025553837892925278,True,0.09378896137953423,1.2542245051769094,-0.573079109386263,0.1436606849938611,1.4991267933510157,-1.2473811425428991,43,0.1,False,0.036,0,ABC-noaux-tied,MG_standard,0,cpu,5.962561845779419
5,0.9645489336118136,0.18828453571174253,False,0.019634030215706505,0.5738576110856463,0.6706874421990752,0.29733628621461505,2.156717966031979,-3.6514323850051165,1,0.1,False,0.24,0,ABC-noaux-hierarchical,MG_standard,0,cpu,5.828290700912476
5,0.8917791810561528,0.32896932827217673,False,0.10548293937174492,1.330119101210473,-0.7692168234049563,0.12134140587568118,1.3777610757827143,-0.8982255819419425,2,0.1,False,0.029,0,ABC-noaux-shuffled-history,MG_standard,0,cpu,3.3087515830993652
6,0.9974229304088152,0.05076484601754227,True,4.009758945122312,8.20084400714403,-66.25384242951014,4.751177633815812,8.621245924545923,-73.32588129149967,13,0.1,True,0.801,0,M0-noaux,MG_standard,0,cpu,2.6842336654663086
6,0.9772948492712343,0.1506822840574354,False,0.4325059501835451,2.6933665483812277,-6.254223363939008,0.6716152160065129,3.241377873774867,-9.506530520597279,4,0.1,False,0.586,0,AB-noaux-kraus,MG_standard,0,cpu,4.092690706253052
6,0.9618744436478247,0.19525766656440233,False,0.030092812474978,0.7104455657827534,0.4952670980596233,0.8133372785846957,3.5670133842043574,-11.723584483093024,1,0.1,False,0.715,0,ABC-noaux-kraus,MG_standard,0,cpu,5.477303743362427
6,0.9992347506523451,0.027663140596375212,True,0.1140703758276427,1.3832027852566828,-0.9132499451418452,0.14658054623870462,1.514284816159598,-1.2930585044515075,28,0.1,False,0.009,0,ABC-noaux-tied,MG_standard,0,cpu,5.750317811965942
6,0.9618744436478247,0.19525766656440233,False,0.030092812474978,0.7104455657827534,0.4952670980596233,0.8133372785846957,3.5670133842043574,-11.723584483093024,1,0.1,False,0.715,0,ABC-noaux-hierarchical,MG_standard,0,cpu,6.3740973472595215
6,0.8959918528004007,0.32250294138131397,False,0.12331693827520113,1.4381718548075588,-1.0683382839606144,0.11294314645546298,1.329227571392696,-0.7668459365505247,3,0.1,False,0.021,0,ABC-noaux-shuffled-history,MG_standard,0,cpu,3.8442554473876953
7,0.9975848907086092,0.049143761469699475,True,1.1316266952379335,4.3566333387403375,-17.98025404822378,1.4313618679271292,4.731993303955291,-21.391760628677712,14,0.1,True,0.64,0,M0-noaux,MG_standard,0,cpu,2.8588550090789795
7,0.9775659801904933,0.14977990455834422,False,0.30449863712797004,2.25991494999371,-4.107215581205073,0.6032604401114103,3.0720043270688437,-8.4372105855297,4,0.1,False,0.609,0,AB-noaux-kraus,MG_standard,0,cpu,4.38071870803833
7,0.9618151434404232,0.1954094587259706,False,0.028863812555265097,0.6957869297324504,0.5158805484134903,0.11893479310963953,1.364029806383375,-0.8605773127022673,1,0.1,False,0.132,0,ABC-noaux-kraus,MG_standard,0,cpu,5.947106599807739
7,0.9996837274664783,0.017784052786745955,True,0.018889992052852557,0.5628793369172655,0.6831668520715795,0.12766147943893216,1.4131860323732162,-0.9970947620947526,43,0.1,False,0.015,0,ABC-noaux-tied,MG_standard,0,cpu,6.10675835609436
7,0.9618151434404232,0.1954094587259706,False,0.028863812555265097,0.6957869297324504,0.5158805484134903,0.11893479310963953,1.364029806383375,-0.8605773127022673,1,0.1,False,0.132,0,ABC-noaux-hierarchical,MG_standard,0,cpu,6.085420846939087
7,0.8739567928512507,0.3550256429453361,False,0.11269801539951425,1.3748570743613444,-0.8902319749214356,0.12337212627893157,1.3892420642291583,-0.9299935130236927,2,0.1,False,0.018,0,ABC-noaux-shuffled-history,MG_standard,0,cpu,3.329361915588379
8,0.9979860661587747,0.04487687423635084,True,1.693598304069928,5.329722821567279,-27.405945354735078,4.535329962698224,8.423136610580864,-69.94923036050768,8,0.1,True,0.811,0,M0-noaux,MG_standard,0,cpu,2.526984214782715
8,0.9781984461247385,0.14765349259418645,False,0.26700538421161973,2.116213244382611,-3.4783584957003777,0.527118322256613,2.8715967682805137,-7.24606799959909,4,0.1,False,0.597,0,AB-noaux-kraus,MG_standard,0,cpu,3.9969332218170166
8,0.9611786329414859,0.1970313859731849,False,1.5130882049182848,5.03769118648254,-24.37833249036386,3.0822018296321985,6.943843700896845,-47.21696534248479,1,0.1,False,0.921,0,ABC-noaux-kraus,MG_standard,0,cpu,5.017662286758423
8,0.9995713289536141,0.020704372639273237,True,0.026921314895185063,0.6719663918820061,0.5484611681810783,0.024229518172313665,0.6156612059807258,0.6209612794503583,42,0.1,False,0.004,0,ABC-noaux-tied,MG_standard,0,cpu,5.424349546432495
8,0.9611786329414859,0.1970313859731849,False,1.5130882049182848,5.03769118648254,-24.37833249036386,3.0822018296321985,6.943843700896845,-47.21696534248479,1,0.1,False,0.921,0,ABC-noaux-hierarchical,MG_standard,0,cpu,5.0394439697265625
8,0.9049422056272061,0.3083144407464462,False,0.09468046914135977,1.2601714006480071,-0.5880319590111602,0.1210338068287358,1.3760136635433593,-0.8934136022580172,1,0.1,False,0.02,0,ABC-noaux-shuffled-history,MG_standard,0,cpu,2.980032205581665
9,0.9983721575212222,0.04034652994716908,True,1.8565310362503822,5.580209774543276,-30.138741127908318,3.679707471015503,7.5871041724737305,-56.564149723968285,15,0.1,True,0.749,0,M0-noaux,MG_standard,0,cpu,2.536999225616455
9,0.975377328114134,0.15691613010097458,False,0.10897991766156151,1.3519874377246386,-0.8278700317652332,0.4658451150948465,2.699542521992055,-6.287529828043225,4,0.1,False,0.532,0,AB-noaux-kraus,MG_standard,0,cpu,3.966371536254883
9,0.9570098088532406,0.20734076093898993,False,0.07701451875639542,1.1365426076304326,-0.2917290989593835,3.221447459456097,7.098963219689143,-49.39527879449924,1,0.1,False,0.854,0,ABC-noaux-kraus,MG_standard,0,cpu,5.130627632141113
9,0.9994184210386089,0.02411594827891086,True,0.021296949952428267,0.5976654127993851,0.6427960543433406,0.13929731713823576,1.4761849584618427,-1.1791220315889923,43,0.1,False,0.006,0,ABC-noaux-tied,MG_standard,0,cpu,5.388907432556152
9,0.9570098088532406,0.20734076093898993,False,0.07701451875639542,1.1365426076304326,-0.2917290989593835,3.221447459456097,7.098963219689143,-49.39527879449924,1,0.1,False,0.854,0,ABC-noaux-hierarchical,MG_standard,0,cpu,4.998875856399536
9,0.8950319661232612,0.32398770636667495,False,0.1248097810024263,1.4468507346529857,-1.0933770483658845,0.13441364579527884,1.4500770537119219,-1.102723461701848,8,0.1,False,0.049,0,ABC-noaux-shuffled-history,MG_standard,0,cpu,2.9568917751312256
10,0.9969370481043445,0.05534394181530213,True,0.38075443681841015,2.5270969578267004,-5.386219034256964,1.2441751895013111,4.411742622563073,-18.46347296773971,13,0.1,True,0.667,0,M0-noaux,MG_standard,0,cpu,2.591512680053711
10,0.9782324620601054,0.14753825924110195,False,0.36278818023050396,2.4667548067033747,-5.084879276394204,0.5462016638415094,2.9231150513437165,-7.544601603392177,4,0.1,False,0.597,0,AB-noaux-kraus,MG_standard,0,cpu,3.884798526763916
10,0.9627068797670645,0.1931142672951316,False,0.04053531402308024,0.8245484686784503,0.3201198228000226,1.3799155123095925,4.646175904350462,-20.586950534166828,2,0.1,False,0.452,0,ABC-noaux-kraus,MG_standard,0,cpu,5.174063205718994
10,0.999587170424622,0.020318207976541915,True,0.016514685471183822,0.52630145657871,0.7230067768031283,0.048431569226118826,0.8704296378281111,0.24235224559042323,57,0.1,False,0.008,0,ABC-noaux-tied,MG_standard,0,cpu,5.35817289352417
10,0.9627068797670645,0.1931142672951316,False,0.04053531402308024,0.8245484686784503,0.3201198228000226,1.3799155123095925,4.646175904350462,-20.586950534166828,2,0.1,False,0.452,0,ABC-noaux-hierarchical,MG_standard,0,cpu,5.2118682861328125
10,0.8938444730589604,0.3258151729754763,False,0.09127577059459002,1.237306153033826,-0.530926516335366,0.12123128903286368,1.377135777540637,-0.896502949782455,1,0.1,False,0.041,0,ABC-noaux-shuffled-history,MG_standard,0,cpu,2.98879075050354
11,0.9982464789836253,0.041875064374574514,True,0.3317567365927224,2.358898714591099,-4.564403145699539,0.7370324945334906,3.3955702319295384,-10.529897199966019,10,0.1,True,0.551,0,M0-noaux,MG_standard,0,cpu,2.6653456687927246
11,0.9805190000378332,0.13957435280941402,False,0.42783443463894344,2.6787814734413606,-6.175870182452668,0.6477412310316784,3.1832457721686125,-9.133053646029346,13,0.1,False,0.629,0,AB-noaux-kraus,MG_standard,0,cpu,4.01889967918396
11,0.9643875374698623,0.18871264539012145,False,0.031008758310755245,0.7211765665486898,0.4799043598610433,0.17768350319473625,1.6672201627598093,-1.7796230711128453,1,0.1,False,0.22,0,ABC-noaux-kraus,MG_standard,0,cpu,5.391038179397583
11,0.9994362174379278,0.023744105838549925,True,0.06004687619740224,1.003562970059191,-0.007138634874024552,0.214226803091881,1.8306541447034623,-2.3512945975199653,29,0.1,False,0.125,0,ABC-noaux-tied,MG_standard,0,cpu,5.385868310928345
11,0.9643875374698623,0.18871264539012145,False,0.031008758310755245,0.7211765665486898,0.4799043598610433,0.17768350319473625,1.6672201627598093,-1.7796230711128453,1,0.1,False,0.22,0,ABC-noaux-hierarchical,MG_standard,0,cpu,5.406155824661255
11,0.8996716481727203,0.3167465103632237,False,0.13751067584572155,1.5186847321215937,-1.306403315579237,0.11065995330246543,1.3157235285923177,-0.7311284036914196,8,0.1,False,0.036,0,ABC-noaux-shuffled-history,MG_standard,0,cpu,2.9915759563446045
12,0.9968704407868968,0.055942463416470675,True,1.1857211358580293,4.45954652617101,-18.88755521908393,2.141203295501319,5.787597912761608,-32.49628959980252,14,0.1,True,0.693,0,M0-noaux,MG_standard,0,cpu,2.5626096725463867
12,0.9759741203616042,0.15500283751723964,False,0.4407038119048939,2.7187722096278777,-6.391722327844851,0.6782853636664457,3.257433981883629,-9.610876146330234,4,0.1,True,0.593,0,AB-noaux-kraus,MG_standard,0,cpu,3.8849194049835205
12,0.9611768302297102,0.19703596060183975,False,0.04138822824807353,0.8331780813147588,0.3058142848166572,5.900654091685724,9.607700975178275,-91.30791802844158,1,0.1,True,0.843,0,ABC-noaux-kraus,MG_standard,0,cpu,4.997298240661621
12,0.9988241212446064,0.03429108857113734,True,0.045855607345588315,0.8769920238740696,0.2308849900612634,0.0789816840653964,1.1115591924754986,-0.2355638383767824,26,0.1,False,0.004,0,ABC-noaux-tied,MG_standard,0,cpu,5.323901176452637
12,0.9611768302297102,0.19703596060183975,False,0.04138822824807353,0.8331780813147588,0.3058142848166572,5.900654091685724,9.607700975178275,-91.30791802844158,1,0.1,True,0.843,0,ABC-noaux-hierarchical,MG_standard,0,cpu,4.985287189483643
12,0.9023087800424962,0.31255594692391286,False,0.10373732024823507,1.3190672298156825,-0.7399383567736186,0.09821056489507467,1.2395056316500548,-0.5363742108922014,0,0.1,False,0.02,0,ABC-noaux-shuffled-history,MG_standard,0,cpu,2.9300239086151123
13,0.9989531129837836,0.032355633454104374,True,0.9304390511597599,3.950421019814139,-14.605826233789385,1.5960790106836868,4.996853226209803,-23.968542164283317,13,0.1,True,0.737,0,M0-noaux,MG_standard,0,cpu,2.5351693630218506
13,0.9782804883551567,0.14737541058413808,False,0.46352865371417995,2.788288525392712,-6.774552900836665,0.6722619822026684,3.242938223450159,-9.516648321114074,4,0.1,False,0.624,0,AB-noaux-kraus,MG_standard,0,cpu,3.9152143001556396
13,0.9654191971179014,0.1859591430451824,False,0.02417622213554092,0.6367861914439193,0.594503346386348,2.574231396863952,6.3458995196218515,-39.27044071313685,1,0.1,False,0.823,0,ABC-noaux-kraus,MG_standard,0,cpu,5.011455774307251
13,0.9996693764011315,0.01818305801751865,True,0.016596149438896826,0.527597934848669,0.7216404191434196,0.1150990465207988,1.3418539926716935,-0.8005721376489654,49,0.1,False,0.006,0,ABC-noaux-tied,MG_standard,0,cpu,5.333524227142334
13,0.9654191971179014,0.1859591430451824,False,0.02417622213554092,0.6367861914439193,0.594503346386348,2.574231396863952,6.3458995196218515,-39.27044071313685,1,0.1,False,0.823,0,ABC-noaux-hierarchical,MG_standard,0,cpu,5.004051446914673
13,0.9054760689786371,0.30744744432400617,False,0.16487917923215184,1.6629620062616706,-1.7654426342698404,0.13810921316470062,1.4698760895158585,-1.160535718530432,1,0.1,False,0.046,0,ABC-noaux-shuffled-history,MG_standard,0,cpu,2.9514896869659424
14,0.9976682398754788,0.04828830214991177,True,1.8077196128826927,5.506364460822483,-29.320049575408877,4.938232491641139,8.789317766114465,-76.25210679373535,10,0.1,True,0.763,0,M0-noaux,MG_standard,0,cpu,2.5546767711639404
14,0.9744752558780171,0.15976465229199777,False,0.2577619239499831,2.0792600098157927,-3.323322188419171,0.605831069912227,3.078542623392257,-8.47742468404288,4,0.1,False,0.568,0,AB-noaux-kraus,MG_standard,0,cpu,3.9705076217651367
14,0.9568837208069778,0.20764459827556841,False,0.46519894165403985,2.793307693787869,-6.802567872174504,0.54706079642816,2.925413063964724,-7.558041594815474,1,0.1,True,0.522,0,ABC-noaux-kraus,MG_standard,0,cpu,5.290377378463745
14,0.9992668173782275,0.027077345175855375,True,0.1279721988830054,1.465066151704007,-1.146418828868788,0.138459124209506,1.4717369375604898,-1.166009613379929,22,0.1,False,0.084,0,ABC-noaux-tied,MG_standard,0,cpu,5.42029333114624
14,0.9568837208069778,0.20764459827556841,False,0.46519894165403985,2.793307693787869,-6.802567872174504,0.54706079642816,2.925413063964724,-7.558041594815474,1,0.1,True,0.522,0,ABC-noaux-hierarchical,MG_standard,0,cpu,5.2739057540893555
14,0.8993511411597055,0.31725204308293187,False,0.08390895156825538,1.1863246812322212,-0.4073662493007315,0.11241864837816942,1.32613757160143,-0.7586408588129381,2,0.1,False,0.015,0,ABC-noaux-shuffled-history,MG_standard,0,cpu,2.9772701263427734
15,0.9970734946085885,0.05409718469025433,True,15.32299346363822,16.031391745365603,-256.0055212933764,15.924889261808065,15.783656118654177,-248.12380047192943,13,0.1,True,0.845,0,M0-noaux,MG_standard,0,cpu,2.5619356632232666
15,0.977635847055255,0.14954649091418046,False,0.39833065538865714,2.584766307396892,-5.681016863854166,0.6321393144170524,3.1446752336060366,-8.888982324855181,4,0.1,False,0.598,0,AB-noaux-kraus,MG_standard,0,cpu,3.9486842155456543
15,0.9608866582247384,0.19777093258429454,False,0.036536531426171415,0.7828220972930525,0.3871895639897066,0.16396872999723217,1.6015847180951062,-1.5650736092357804,1,0.1,False,0.144,0,ABC-noaux-kraus,MG_standard,0,cpu,5.410970687866211
15,0.9995830594367396,0.020419122489967842,True,0.0324510118758053,0.7377573420823487,0.4557141042035884,0.0908935241639746,1.192438174435443,-0.4219087998509323,42,0.1,False,0.003,0,ABC-noaux-tied,MG_standard,0,cpu,5.416943073272705
15,0.9608866582247384,0.19777093258429454,False,0.036536531426171415,0.7828220972930525,0.3871895639897066,0.16396872999723217,1.6015847180951062,-1.5650736092357804,1,0.1,False,0.144,0,ABC-noaux-hierarchical,MG_standard,0,cpu,5.434862375259399
15,0.8953968530984464,0.32342409758945534,False,0.11485995421481805,1.387981693052862,-0.9264931802498892,0.12400634600008462,1.3928083287216866,-0.9399150405564975,5,0.1,False,0.032,0,ABC-noaux-shuffled-history,MG_standard,0,cpu,2.98102068901062
16,0.9979036983089248,0.045785387309438236,True,7.890498389136043,11.504073196552882,-131.34370011164646,2.001772808363752,5.59598823264967,-30.315084299953583,11,0.1,True,0.949,0,M0-noaux,MG_standard,0,cpu,2.495972156524658
16,0.9806084259680725,0.13925363202418645,False,0.44145857699021906,2.7210993468548583,-6.4043816554539355,0.6623714205622477,3.218994188251396,-9.361923583996266,8,0.1,False,0.609,0,AB-noaux-kraus,MG_standard,0,cpu,3.9883899688720703
16,0.9703088479610926,0.17231120694518798,False,0.020324419241145263,0.5838596880830188,0.6591078646316,0.24940438588669486,1.9752471462355476,-2.901601288711675,2,0.1,False,0.267,0,ABC-noaux-kraus,MG_standard,0,cpu,5.40401291847229
16,0.9995484782115732,0.021249042059038617,True,0.013985831315642452,0.48433244330272057,0.7654220843644169,0.11213381617354283,1.3244565059763584,-0.7541850362231037,56,0.1,False,0.001,0,ABC-noaux-tied,MG_standard,0,cpu,5.405043363571167
16,0.9703088479610926,0.17231120694518798,False,0.020324419241145263,0.5838596880830188,0.6591078646316,0.24940438588669486,1.9752471462355476,-2.901601288711675,2,0.1,False,0.267,0,ABC-noaux-hierarchical,MG_standard,0,cpu,5.409861326217651
16,0.9023534162655682,0.31248453359235534,False,0.08357725851190566,1.18397758181245,-0.401802914234457,0.3101797880306482,2.2028054748641295,-3.852351960091382,3,0.1,True,0.225,0,ABC-noaux-shuffled-history,MG_standard,0,cpu,2.930023431777954
17,0.996804961687947,0.056524669942008485,True,9.509123201544654,12.629020135231501,-158.49214957608268,7.913870860551375,11.126635966601562,-122.80202793327149,4,0.1,True,0.977,0,M0-noaux,MG_standard,0,cpu,2.449112892150879
17,0.9774634259940498,0.1501218638505072,False,0.33999663470727365,2.388013225820412,-4.702607166693211,0.5990413300412216,3.0612429169479385,-8.371208196563922,4,0.1,False,0.589,0,AB-noaux-kraus,MG_standard,0,cpu,3.939622163772583
17,0.9619072685249103,0.19517359318076238,False,0.21446718261382058,1.8966178861706775,-2.597159406142529,0.3948168251238748,2.4852336522440597,-5.176386306246347,1,0.1,False,0.441,0,ABC-noaux-kraus,MG_standard,0,cpu,5.297156095504761
17,0.9993360485475489,0.025767255431092654,True,0.026852195011603436,0.6711032080123568,0.5496204841955233,0.13175176741135436,1.435646857678414,-1.0610818999619043,42,0.1,False,0.007,0,ABC-noaux-tied,MG_standard,0,cpu,5.384254217147827
17,0.9619072685249103,0.19517359318076238,False,0.21446718261382058,1.8966178861706775,-2.597159406142529,0.3948168251238748,2.4852336522440597,-5.176386306246347,1,0.1,False,0.441,0,ABC-noaux-hierarchical,MG_standard,0,cpu,5.326452016830444
17,0.8952739470331439,0.32361404939658606,False,0.12033054321820828,1.4206508555282056,-1.0182488533130227,0.11297758315408277,1.32943019865282,-0.7673846530900765,3,0.1,False,0.029,0,ABC-noaux-shuffled-history,MG_standard,0,cpu,2.9786570072174072
18,0.9971297863680674,0.05357437476940509,True,0.585453857749583,3.1336158454004934,-8.81954826654505,1.029230769495165,4.01259918308043,-15.100952204057734,8,0.1,True,0.948,0,M0-noaux,MG_standard,0,cpu,2.485213041305542
18,0.9782072279484333,0.14762375165117136,False,0.4440288152263352,2.7290091753534633,-6.447491079163391,0.6563663642337336,3.204369271986332,-9.267982431250214,4,0.1,False,0.587,0,AB-noaux-kraus,MG_standard,0,cpu,3.918948173522949
18,0.9631793580646771,0.19188705515308443,False,0.1745002072751502,1.7107927145855764,-1.9268117122790853,0.44255709366069257,2.6312011661935775,-5.9232195769784415,1,0.1,False,0.571,0,ABC-noaux-kraus,MG_standard,0,cpu,5.182664632797241
18,0.9992705299653077,0.027008702943538427,True,0.05030042432447534,0.9185128636313257,0.15633411934378172,0.12216318212838027,1.3824185990494673,-0.911081182997892,27,0.1,False,0.019,0,ABC-noaux-tied,MG_standard,0,cpu,5.3145527839660645
18,0.9631793580646771,0.19188705515308443,False,0.1745002072751502,1.7107927145855764,-1.9268117122790853,0.44255709366069257,2.6312011661935775,-5.9232195769784415,1,0.1,False,0.571,0,ABC-noaux-hierarchical,MG_standard,0,cpu,5.167027711868286
18,0.8944951231126161,0.32481514263867667,False,0.07820337952163436,1.1452813251502652,-0.3116693137379474,0.1248125291547868,1.3973284181776549,-0.9525267082468669,4,0.1,False,0.061,0,ABC-noaux-shuffled-history,MG_standard,0,cpu,2.9231879711151123
19,0.9965771839718099,0.058504837647754465,True,0.2934997282031227,2.218723944285181,-3.9227359409443903,1.0270877483151863,4.00841957335594,-15.067427476063013,15,0.1,True,0.705,0,M0-noaux,MG_standard,0,cpu,2.6151766777038574
19,0.9797236948083587,0.1423948917329593,False,0.4784834067485518,2.832910534201252,-7.025382094788423,0.6908762651953056,3.287528573941987,-9.807844124485035,4,0.1,False,0.653,0,AB-noaux-kraus,MG_standard,0,cpu,3.90874981880188
19,0.9676800271275237,0.17977756498650313,False,0.04216329708936177,0.8409432729691911,0.2928144116478645,0.3249467505920693,2.2546311296915684,-4.083361530974278,1,0.1,False,0.36,0,ABC-noaux-kraus,MG_standard,0,cpu,5.280121564865112
19,0.9996570631484284,0.018518554251656705,True,0.02017076344277206,0.5816484654315627,0.6616850626611082,0.08152751791050346,1.1293316771455462,-0.27539003700437203,43,0.1,False,0.005,0,ABC-noaux-tied,MG_standard,0,cpu,5.36582088470459
19,0.9676800271275237,0.17977756498650313,False,0.04216329708936177,0.8409432729691911,0.2928144116478645,0.3249467505920693,2.2546311296915684,-4.083361530974278,1,0.1,False,0.36,0,ABC-noaux-hierarchical,MG_standard,0,cpu,5.292117595672607
19,0.905340624456475,0.30766763811542636,False,0.09681423367559859,1.2742921996475345,-0.6238206100825521,0.13078663772594307,1.4303788743960155,-1.0459837243184125,4,0.1,False,0.04,0,ABC-noaux-shuffled-history,MG_standard,0,cpu,2.9547338485717773
