architecture,task,trial,value,state,omega_b,omega_c,eta_ab,eta_bc,omega,eta,eta_ac
ABC-embedded-hierarchical,paper_s0_s10,0,0.4138253807771269,TrialState.COMPLETE,0.3745401188473625,0.9507143064099162,1.1266140008523318,0.9305046995616021,,,
ABC-embedded-hierarchical,paper_s0_s10,1,0.5009050244130002,TrialState.COMPLETE,0.15601864044243652,0.15599452033620265,0.1354291634239671,1.3239686935631354,,,
ABC-embedded-hierarchical,paper_s0_s10,2,0.44501095944888913,TrialState.COMPLETE,0.6011150117432088,0.7080725777960455,0.08027559859919674,1.4765398478820424,,,
ABC-embedded-hierarchical,paper_s0_s10,3,0.5907688880963531,TrialState.COMPLETE,0.8324426408004217,0.21233911067827616,0.3174274938878061,0.31975067941004887,,,
ABC-embedded-hierarchical,paper_s0_s10,4,0.41692927848805666,TrialState.COMPLETE,0.3042422429595377,0.5247564316322378,0.685303146796177,0.478338749658916,,,
ABC-embedded-hierarchical,paper_s0_s10,5,0.4227396032938004,TrialState.COMPLETE,0.6118528947223795,0.13949386065204183,0.4796852759583849,0.5888436533941692,,,
ABC-embedded-hierarchical,paper_s0_s10,6,0.572957493228362,TrialState.COMPLETE,0.45606998421703593,0.7851759613930136,0.34367946535575983,0.8063341231301764,,,
ABC-embedded-hierarchical,paper_s0_s10,7,0.4227964399953646,TrialState.COMPLETE,0.5924145688620425,0.046450412719997725,0.943574736539785,0.300806254749187,,,
ABC-embedded-hierarchical,paper_s0_s10,8,0.24674285812679664,TrialState.COMPLETE,0.06505159298527952,0.9488855372533332,1.47024804728155,1.2389878502004263,,,
ABC-embedded-hierarchical,paper_s0_s10,9,0.44693620565260994,TrialState.COMPLETE,0.3046137691733707,0.09767211400638387,1.0563674220658354,0.6973746710218193,,,
ABC-embedded-hierarchical,paper_s0_s10,10,0.03933314615621382,TrialState.COMPLETE,0.9692904793777195,0.3637276736216311,1.4759916212381294,0.0764182606766236,,,
ABC-embedded-hierarchical,paper_s0_s10,11,0.5232513002136816,TrialState.COMPLETE,0.9816811221320247,0.690247073569145,0.42570530085563807,0.9678997593783178,,,
ABC-embedded-hierarchical,paper_s0_s10,12,0.5663456344881147,TrialState.COMPLETE,0.7836296211490166,0.3796042434202234,0.3647950607082075,0.06443681630879428,,,
ABC-embedded-hierarchical,paper_s0_s10,13,0.4174572952970558,TrialState.COMPLETE,0.7982717060396434,0.6480557949785664,0.6672888667801651,0.8469015950428369,,,
ABC-embedded-hierarchical,paper_s0_s10,14,0.5723947814386107,TrialState.COMPLETE,0.4788092992509366,0.286915568291713,0.26083784345395244,0.3652970142077449,,,
ABC-embedded-hierarchical,paper_s0_s10,15,0.4204830076954173,TrialState.COMPLETE,0.7914693322499522,0.8265437515266852,0.5440001103105572,0.7088262513785547,,,
ABC-embedded-hierarchical,paper_s0_s10,16,0.5797989498200755,TrialState.COMPLETE,0.7011625953937598,0.522866620136452,0.2421701718977582,1.097174336254989,,,
ABC-embedded-hierarchical,paper_s0_s10,17,0.5789536211435328,TrialState.COMPLETE,0.8859484186260512,0.5149704140209432,0.2367688421154216,1.1589043054621109,,,
ABC-embedded-hierarchical,paper_s0_s10,18,0.42178157520559323,TrialState.COMPLETE,0.7137530696504076,0.24155493298033964,0.7811113710262372,1.0681050172173614,,,
ABC-embedded-hierarchical,paper_s0_s10,19,0.4449296839111034,TrialState.COMPLETE,0.6589175745083723,0.5037304781303165,0.08122671267811588,1.5149381293777844,,,
ABC-embedded-hierarchical,paper_s0_s10,20,0.416655349298305,TrialState.COMPLETE,0.8644042960908755,0.25472325068782203,0.5595300094993376,0.21251217544757617,,,
ABC-embedded-hierarchical,paper_s0_s10,21,0.5537744129812545,TrialState.COMPLETE,0.8664122258811257,0.5518583569852744,0.19387276227829972,1.1659530184881193,,,
ABC-embedded-hierarchical,paper_s0_s10,22,0.5891642100903952,TrialState.COMPLETE,0.878807318338348,0.4265328733008319,0.2741611181941764,1.3191903352727214,,,
ABC-embedded-hierarchical,paper_s0_s10,23,0.5853181039889513,TrialState.COMPLETE,0.6743653647256755,0.40527389013664333,0.3009587136340601,1.3125359342910823,,,
ABC-embedded-hierarchical,paper_s0_s10,24,0.5861473019770451,TrialState.COMPLETE,0.9140610502362018,0.39766185159416834,0.33133321892878015,1.355735430728081,,,
ABC-embedded-hierarchical,paper_s0_s10,25,0.4804903669668198,TrialState.COMPLETE,0.9265810717866306,0.4337441529631319,0.4633434527387775,1.342287451378583,,,
ABC-embedded-hierarchical,paper_s0_s10,26,0.4149507815344859,TrialState.COMPLETE,0.990067760529313,0.31016861532156065,0.635351394054589,1.3560171477380971,,,
ABC-embedded-hierarchical,paper_s0_s10,27,0.5463608727801099,TrialState.COMPLETE,0.7958774436019822,0.1981775837523608,0.39232897801360517,0.5342843524676665,,,
ABC-embedded-hierarchical,paper_s0_s10,28,0.4242313528647905,TrialState.COMPLETE,0.8742317790551545,0.602477793887874,0.8451122622388509,1.4247446764829912,,,
ABC-embedded-hierarchical,paper_s0_s10,29,0.28691441164314463,TrialState.COMPLETE,0.7351180920893595,0.3400764356134105,1.2542245499893991,0.9512457899570642,,,
ABC-embedded-hierarchical,paper_s0_s10,30,0.4283463705076732,TrialState.COMPLETE,0.9154567681621275,0.45308069120127653,0.527281566793657,1.040355859865191,,,
ABC-embedded-hierarchical,paper_s0_s10,31,0.5900929519717691,TrialState.COMPLETE,0.830397136670146,0.4102204225893098,0.30074223053615196,1.2446043482414983,,,
ABC-embedded-tied,paper_s0_s10,0,0.19723179621177309,TrialState.COMPLETE,,,,,0.3745401188473625,1.4483071096990625,
ABC-embedded-tied,paper_s0_s10,1,0.42504443234123424,TrialState.COMPLETE,,,,,0.7319939418114051,0.9305046995616021,
ABC-embedded-tied,paper_s0_s10,2,0.5514339405443831,TrialState.COMPLETE,,,,,0.15601864044243652,0.2794361675106186,
ABC-embedded-tied,paper_s0_s10,3,0.6619317274605739,TrialState.COMPLETE,,,,,0.05808361216819946,1.3239686935631354,
ABC-embedded-tied,paper_s0_s10,4,0.42247461162669453,TrialState.COMPLETE,,,,,0.6011150117432088,1.0914305465266174,
ABC-embedded-tied,paper_s0_s10,5,0.18610966869786127,TrialState.COMPLETE,,,,,0.020584494295802447,1.4765398478820424,
ABC-embedded-tied,paper_s0_s10,6,0.5705258249346005,TrialState.COMPLETE,,,,,0.8324426408004217,0.36230758402050356,
ABC-embedded-tied,paper_s0_s10,7,0.5650911734604828,TrialState.COMPLETE,,,,,0.18182496720710062,0.31975067941004887,
ABC-embedded-tied,paper_s0_s10,8,0.42520816392406025,TrialState.COMPLETE,,,,,0.3042422429595377,0.8218098321066927,
ABC-embedded-tied,paper_s0_s10,9,0.4241204505676577,TrialState.COMPLETE,,,,,0.43194501864211576,0.478338749658916,
ABC-embedded-tied,paper_s0_s10,10,0.43031241766559547,TrialState.COMPLETE,,,,,0.9522541012238168,0.058820634662532845,
ABC-embedded-tied,paper_s0_s10,11,0.4208662543571335,TrialState.COMPLETE,,,,,0.9695371107878658,0.7526282162139988,
ABC-embedded-tied,paper_s0_s10,12,0.4025683822794443,TrialState.COMPLETE,,,,,0.715169612196795,1.2124396614896749,
ABC-embedded-tied,paper_s0_s10,13,0.41066223288422304,TrialState.COMPLETE,,,,,0.5472678311199488,0.6254983319334895,
ABC-embedded-tied,paper_s0_s10,14,0.4200191214955334,TrialState.COMPLETE,,,,,0.8171981049955156,1.2367555050191386,
ABC-embedded-tied,paper_s0_s10,15,0.4764213687300446,TrialState.COMPLETE,,,,,0.039456736063834486,0.08730468628767024,
ABC-embedded-tied,paper_s0_s10,16,0.4044677145918654,TrialState.COMPLETE,,,,,0.5386104939214291,0.557660318374147,
ABC-embedded-tied,paper_s0_s10,17,0.47301516603701277,TrialState.COMPLETE,,,,,0.23576877834531998,1.0073704414978093,
ABC-embedded-tied,paper_s0_s10,18,0.41911766220834623,TrialState.COMPLETE,,,,,0.8597199603041552,1.2933646569991364,
ABC-embedded-tied,paper_s0_s10,19,0.5608802414746147,TrialState.COMPLETE,,,,,0.6433753799381057,0.3652970142077449,
ABC-embedded-tied,paper_s0_s10,20,0.42127587037411307,TrialState.COMPLETE,,,,,0.45661749490605236,0.8262552572284476,
ABC-embedded-tied,paper_s0_s10,21,0.5508612064551759,TrialState.COMPLETE,,,,,0.14453498735211712,0.23990986193856556,
ABC-embedded-tied,paper_s0_s10,22,0.5693821744116956,TrialState.COMPLETE,,,,,0.10949201917650596,0.39460617745580007,
ABC-embedded-tied,paper_s0_s10,23,0.7348755764783927,TrialState.COMPLETE,,,,,0.0753629682964918,0.4591067842508251,
ABC-embedded-tied,paper_s0_s10,24,0.45471631910538945,TrialState.COMPLETE,,,,,0.25494901919994284,0.673219426047621,
ABC-embedded-tied,paper_s0_s10,25,0.44934789968092526,TrialState.COMPLETE,,,,,0.0047064210777456456,0.20822885085138942,
ABC-embedded-tied,paper_s0_s10,26,0.7521726945716336,TrialState.COMPLETE,,,,,0.0779865691727473,0.47776664501260036,
ABC-embedded-tied,paper_s0_s10,27,0.7639375208450078,TrialState.COMPLETE,,,,,0.10061399904747975,0.5060016147965938,
ABC-embedded-tied,paper_s0_s10,28,0.757273804965426,TrialState.COMPLETE,,,,,0.1041246871312413,0.49630770472639,
ABC-embedded-tied,paper_s0_s10,29,0.4302817857394909,TrialState.COMPLETE,,,,,0.34990548213757205,0.5578713389849654,
ABC-embedded-tied,paper_s0_s10,30,0.4752136659774117,TrialState.COMPLETE,,,,,0.22026762713330808,0.6944896963284612,
ABC-embedded-tied,paper_s0_s10,31,0.7683773592134533,TrialState.COMPLETE,,,,,0.07234028289348726,0.5040072748425045,
ABC-embedded-parallel,paper_s0_s10,0,0.34350514148093464,TrialState.COMPLETE,0.3745401188473625,0.9507143064099162,1.1266140008523318,,,,0.9305046995616021
ABC-embedded-parallel,paper_s0_s10,1,0.6692935675526878,TrialState.COMPLETE,0.15601864044243652,0.15599452033620265,0.1354291634239671,,,,1.3239686935631354
ABC-embedded-parallel,paper_s0_s10,2,0.23672275241236868,TrialState.COMPLETE,0.6011150117432088,0.7080725777960455,0.08027559859919674,,,,1.4765398478820424
ABC-embedded-parallel,paper_s0_s10,3,0.5858391221852555,TrialState.COMPLETE,0.8324426408004217,0.21233911067827616,0.3174274938878061,,,,0.31975067941004887
ABC-embedded-parallel,paper_s0_s10,4,0.41925281545382354,TrialState.COMPLETE,0.3042422429595377,0.5247564316322378,0.685303146796177,,,,0.478338749658916
ABC-embedded-parallel,paper_s0_s10,5,0.4354387142412386,TrialState.COMPLETE,0.6118528947223795,0.13949386065204183,0.4796852759583849,,,,0.5888436533941692
ABC-embedded-parallel,paper_s0_s10,6,0.4242439175046793,TrialState.COMPLETE,0.45606998421703593,0.7851759613930136,0.34367946535575983,,,,0.8063341231301764
ABC-embedded-parallel,paper_s0_s10,7,0.42591632816441194,TrialState.COMPLETE,0.5924145688620425,0.046450412719997725,0.943574736539785,,,,0.300806254749187
ABC-embedded-parallel,paper_s0_s10,8,0.0030139437392849985,TrialState.COMPLETE,0.06505159298527952,0.9488855372533332,1.47024804728155,,,,1.2389878502004263
ABC-embedded-parallel,paper_s0_s10,9,0.4858421236896284,TrialState.COMPLETE,0.3046137691733707,0.09767211400638387,1.0563674220658354,,,,0.6973746710218193
ABC-embedded-parallel,paper_s0_s10,10,0.02827914633317867,TrialState.COMPLETE,0.9516741169919208,0.3637276736216311,1.4759916212381294,,,,0.0764182606766236
ABC-embedded-parallel,paper_s0_s10,11,0.47778655983414653,TrialState.COMPLETE,0.953647979503124,0.29708337146146024,0.06414551779432281,,,,1.194467535987962
ABC-embedded-parallel,paper_s0_s10,12,0.45478730493140784,TrialState.COMPLETE,0.04826475286390343,0.2828794391744267,0.3004543902434944,,,,1.075374334482007
ABC-embedded-parallel,paper_s0_s10,13,0.2335543152010225,TrialState.COMPLETE,0.7897237476660546,0.45111673657466433,0.5718568116000182,,,,1.4260209708299016
ABC-embedded-parallel,paper_s0_s10,14,0.601805018470149,TrialState.COMPLETE,0.18738574019242682,0.2003232891817793,0.2602136710242119,,,,0.06403603205035657
ABC-embedded-parallel,paper_s0_s10,15,0.5506434132362179,TrialState.COMPLETE,0.1909419507181543,0.014157451639475238,0.1766636440170965,,,,0.1770310929610186
ABC-embedded-parallel,paper_s0_s10,16,0.5475071976337549,TrialState.COMPLETE,0.16851950058677245,0.1923945448271356,0.7578773475830773,,,,0.9983614350965313
ABC-embedded-parallel,paper_s0_s10,17,0.4309442319537822,TrialState.COMPLETE,0.17120389847760842,0.5149704140209432,0.5219531588099631,,,,0.46180969796328475
ABC-embedded-parallel,paper_s0_s10,18,0.4287618394660202,TrialState.COMPLETE,0.025549494810543028,0.3856220838738199,0.21762396841064008,,,,0.7286325430827032
ABC-embedded-parallel,paper_s0_s10,19,0.5233020523718914,TrialState.COMPLETE,0.4567437052962951,0.21363768556891755,0.36151030628516634,,,,1.3437329324269895
ABC-embedded-parallel,paper_s0_s10,20,0.42017324507428483,TrialState.COMPLETE,0.2494024070696051,0.6184046170093229,0.15639782235904476,,,,0.900835817857883
ABC-embedded-parallel,paper_s0_s10,21,0.5246875249471086,TrialState.COMPLETE,0.7500254791883959,0.2305472465267237,0.3617820574578873,,,,0.2890842353626165
ABC-embedded-parallel,paper_s0_s10,22,0.5880497069316399,TrialState.COMPLETE,0.7953286570983007,0.13950631295957183,0.2537863700665969,,,,0.09784911469708926
ABC-embedded-parallel,paper_s0_s10,23,0.42704786227306246,TrialState.COMPLETE,0.6796496449148403,0.12245612757807851,0.4692309505214495,,,,0.08075959676397126
ABC-embedded-parallel,paper_s0_s10,24,0.5936677381686544,TrialState.COMPLETE,0.4596712817432014,0.0037721250233718473,0.19903623790688196,,,,0.1887574792141825
ABC-embedded-parallel,paper_s0_s10,25,0.5606385481421279,TrialState.COMPLETE,0.4823129499344303,0.006410375596038411,0.06938394010150473,,,,0.21628934493488972
ABC-embedded-parallel,paper_s0_s10,26,0.6666475391758536,TrialState.COMPLETE,0.11536691812778127,0.07828524813952228,0.6640333476285465,,,,0.44875029716090087
ABC-embedded-parallel,paper_s0_s10,27,0.510661371970861,TrialState.COMPLETE,0.11361410643868944,0.3203397352579166,0.8138201301512629,,,,0.4617559238781758
ABC-embedded-parallel,paper_s0_s10,28,0.7029228902794006,TrialState.COMPLETE,0.10579403712830973,0.08886586747910549,0.6508956346517367,,,,0.5924638929864049
ABC-embedded-parallel,paper_s0_s10,29,0.6701765726831055,TrialState.COMPLETE,0.10724860741547446,0.09817031464901471,1.2631996035019344,,,,0.536202864933088
ABC-embedded-parallel,paper_s0_s10,30,0.42203133154289585,TrialState.COMPLETE,0.37652325851471213,0.14045617485754355,1.2628660482544303,,,,0.6001265032400094
ABC-embedded-parallel,paper_s0_s10,31,0.6679035912800514,TrialState.COMPLETE,0.11096598122363789,0.07415463393802774,0.9624624278405418,,,,0.5701737191282641
ABC-embedded-hierarchical,p1_0_10_30,0,0.0024653425024651543,TrialState.COMPLETE,0.3745401188473625,0.9507143064099162,1.1266140008523318,0.9305046995616021,,,
ABC-embedded-hierarchical,p1_0_10_30,1,0.0036779081760212403,TrialState.COMPLETE,0.15601864044243652,0.15599452033620265,0.1354291634239671,1.3239686935631354,,,
ABC-embedded-hierarchical,p1_0_10_30,2,0.0018059554989901154,TrialState.COMPLETE,0.6011150117432088,0.7080725777960455,0.08027559859919674,1.4765398478820424,,,
ABC-embedded-hierarchical,p1_0_10_30,3,0.001977469569663674,TrialState.COMPLETE,0.8324426408004217,0.21233911067827616,0.3174274938878061,0.31975067941004887,,,
ABC-embedded-hierarchical,p1_0_10_30,4,0.009262256294318027,TrialState.COMPLETE,0.3042422429595377,0.5247564316322378,0.685303146796177,0.478338749658916,,,
ABC-embedded-hierarchical,p1_0_10_30,5,0.005127767761275544,TrialState.COMPLETE,0.6118528947223795,0.13949386065204183,0.4796852759583849,0.5888436533941692,,,
ABC-embedded-hierarchical,p1_0_10_30,6,0.00281919448838554,TrialState.COMPLETE,0.45606998421703593,0.7851759613930136,0.34367946535575983,0.8063341231301764,,,
ABC-embedded-hierarchical,p1_0_10_30,7,0.0049180412564521145,TrialState.COMPLETE,0.5924145688620425,0.046450412719997725,0.943574736539785,0.300806254749187,,,
ABC-embedded-hierarchical,p1_0_10_30,8,0.0032144121356251195,TrialState.COMPLETE,0.06505159298527952,0.9488855372533332,1.47024804728155,1.2389878502004263,,,
ABC-embedded-hierarchical,p1_0_10_30,9,0.004449499675616862,TrialState.COMPLETE,0.3046137691733707,0.09767211400638387,1.0563674220658354,0.6973746710218193,,,
ABC-embedded-hierarchical,p1_0_10_30,10,0.003252697351132096,TrialState.COMPLETE,0.9512678728574567,0.47332732145466855,0.6824088841665173,0.0764182606766236,,,
ABC-embedded-hierarchical,p1_0_10_30,11,0.0052343785208941365,TrialState.COMPLETE,0.682300042347168,0.4028904446663975,0.6287386919777649,0.5285382899021607,,,
ABC-embedded-hierarchical,p1_0_10_30,12,0.002496526117484114,TrialState.COMPLETE,0.7836296211490166,0.43064580820837617,0.734356093027958,0.4855157950825285,,,
ABC-embedded-hierarchical,p1_0_10_30,13,0.0028704669051974542,TrialState.COMPLETE,0.25238309823298266,0.41610217386848414,0.722832587948871,1.001919540281559,,,
ABC-embedded-hierarchical,p1_0_10_30,14,0.0023135709912594617,TrialState.COMPLETE,0.017623349089219364,0.5916836359300595,0.5589159330338807,0.3652970142077449,,,
ABC-embedded-hierarchical,p1_0_10_30,15,0.00427057040548123,TrialState.COMPLETE,0.49630889298286396,0.32176717760026463,0.9458236010851281,0.15376218064938763,,,
ABC-embedded-hierarchical,p1_0_10_30,16,0.002830203658463804,TrialState.COMPLETE,0.7404881812916884,0.5931325497848737,1.4113422105317328,0.5541879340100028,,,
ABC-embedded-hierarchical,p1_0_10_30,17,0.0025905492971307355,TrialState.COMPLETE,0.9714157191295352,0.30661881111716244,0.8298010510283986,0.766303004254423,,,
ABC-embedded-hierarchical,p1_0_10_30,18,0.004010533845095298,TrialState.COMPLETE,0.2159584626516064,0.5628699644210564,1.2407256993643463,0.9981836882736295,,,
ABC-embedded-hierarchical,p1_0_10_30,19,0.010024876542456027,TrialState.COMPLETE,0.39018197572576196,0.7613592305412217,0.5056949403574857,0.48132273683257165,,,
ABC-embedded-hierarchical,p1_0_10_30,20,0.006842706263667654,TrialState.COMPLETE,0.3794317620093991,0.765746744991435,0.37440725327836727,0.22479939732583437,,,
ABC-embedded-hierarchical,p1_0_10_30,21,0.0074696327248448486,TrialState.COMPLETE,0.4063579403460795,0.8032226235607411,0.43835579650453776,0.20955978642948292,,,
ABC-embedded-hierarchical,p1_0_10_30,22,0.009043584805705836,TrialState.COMPLETE,0.4915146634810605,0.8491826683562151,0.500884552027249,0.41944238916151705,,,
ABC-embedded-hierarchical,p1_0_10_30,23,0.005090352186423843,TrialState.COMPLETE,0.5227309120258707,0.8708293793123871,0.19134537015100417,0.41648850919024166,,,
ABC-embedded-hierarchical,p1_0_10_30,24,0.008431241216420847,TrialState.COMPLETE,0.3096859460566017,0.6732717907646601,0.5323996060584575,0.670457836157955,,,
ABC-embedded-hierarchical,p1_0_10_30,25,0.007182388014076899,TrialState.COMPLETE,0.15911413046994075,0.8708473453705146,0.27696211583519004,0.43490890348801714,,,
ABC-embedded-hierarchical,p1_0_10_30,26,0.004014653217043687,TrialState.COMPLETE,0.4482992869354947,0.6985077075972029,0.8286844261629253,0.6448441411472479,,,
ABC-embedded-hierarchical,p1_0_10_30,27,0.007436362854759427,TrialState.COMPLETE,0.327490587642821,0.5376093038044991,0.5681267722757157,0.8682593069817162,,,
ABC-embedded-hierarchical,p1_0_10_30,28,0.006068824159513883,TrialState.COMPLETE,0.5280349443109152,0.8676873736626571,0.8078234821673342,0.05128538692965312,,,
ABC-embedded-hierarchical,p1_0_10_30,29,0.003291136519869096,TrialState.COMPLETE,0.24475053394288476,0.9748141594145654,0.2275041537469678,0.2969466825020374,,,
ABC-embedded-hierarchical,p1_0_10_30,30,0.007880247090467501,TrialState.COMPLETE,0.39748070427132315,0.6318636734185545,0.4735024152386928,0.4467239672538856,,,
ABC-embedded-hierarchical,p1_0_10_30,31,0.009582311834579665,TrialState.COMPLETE,0.31722375697777794,0.6810785727871379,0.5693622780795577,0.6840908082990288,,,
ABC-embedded-tied,p1_0_10_30,0,0.003994488484509224,TrialState.COMPLETE,,,,,0.3745401188473625,1.4483071096990625,
ABC-embedded-tied,p1_0_10_30,1,0.0017031693699869096,TrialState.COMPLETE,,,,,0.7319939418114051,0.9305046995616021,
ABC-embedded-tied,p1_0_10_30,2,0.009749191429060354,TrialState.COMPLETE,,,,,0.15601864044243652,0.2794361675106186,
ABC-embedded-tied,p1_0_10_30,3,0.0018902482786749605,TrialState.COMPLETE,,,,,0.05808361216819946,1.3239686935631354,
ABC-embedded-tied,p1_0_10_30,4,0.00419498599496431,TrialState.COMPLETE,,,,,0.6011150117432088,1.0914305465266174,
ABC-embedded-tied,p1_0_10_30,5,0.0018897552491019627,TrialState.COMPLETE,,,,,0.020584494295802447,1.4765398478820424,
ABC-embedded-tied,p1_0_10_30,6,0.0018878685746996833,TrialState.COMPLETE,,,,,0.8324426408004217,0.36230758402050356,
ABC-embedded-tied,p1_0_10_30,7,0.010230131831794905,TrialState.COMPLETE,,,,,0.18182496720710062,0.31975067941004887,
ABC-embedded-tied,p1_0_10_30,8,0.0023879259958271633,TrialState.COMPLETE,,,,,0.3042422429595377,0.8218098321066927,
ABC-embedded-tied,p1_0_10_30,9,0.007828316124448557,TrialState.COMPLETE,,,,,0.43194501864211576,0.478338749658916,
ABC-embedded-tied,p1_0_10_30,10,0.0014276372776166333,TrialState.COMPLETE,,,,,0.9515480949024832,0.058820634662532845,
ABC-embedded-tied,p1_0_10_30,11,0.010029436147643706,TrialState.COMPLETE,,,,,0.18937223240644624,0.34608834690070656,
ABC-embedded-tied,p1_0_10_30,12,0.0056196149956064,TrialState.COMPLETE,,,,,0.25215216229435305,0.6112309496872506,
ABC-embedded-tied,p1_0_10_30,13,0.0015183577059195588,TrialState.COMPLETE,,,,,0.46800441921845287,0.06660585490731463,
ABC-embedded-tied,p1_0_10_30,14,0.003857282709100763,TrialState.COMPLETE,,,,,0.1832682738765668,0.6083205268582204,
ABC-embedded-tied,p1_0_10_30,15,0.006495612934510203,TrialState.COMPLETE,,,,,0.17028488967556443,0.25760941591830033,
ABC-embedded-tied,p1_0_10_30,16,0.00831354107556985,TrialState.COMPLETE,,,,,0.5740885440169243,0.5423826796334927,
ABC-embedded-tied,p1_0_10_30,17,0.0023799907974784594,TrialState.COMPLETE,,,,,0.3056092866425612,0.821690459951643,
ABC-embedded-tied,p1_0_10_30,18,0.00415466383761935,TrialState.COMPLETE,,,,,0.07314316040919033,0.1960700379230462,
ABC-embedded-tied,p1_0_10_30,19,0.0037275309360081817,TrialState.COMPLETE,,,,,0.5390744321195271,0.36888389693773943,
ABC-embedded-tied,p1_0_10_30,20,0.0027318349310654724,TrialState.COMPLETE,,,,,0.2291923485910211,0.703069555789996,
ABC-embedded-tied,p1_0_10_30,21,0.010077186595516041,TrialState.COMPLETE,,,,,0.11965857891574219,0.3921067593147345,
ABC-embedded-tied,p1_0_10_30,22,0.005944027326654648,TrialState.COMPLETE,,,,,0.10870898127002482,0.46838799350131566,
ABC-embedded-tied,p1_0_10_30,23,0.006904562231598185,TrialState.COMPLETE,,,,,0.004221912060133531,0.1742733290950739,
ABC-embedded-tied,p1_0_10_30,24,0.007737502886074494,TrialState.COMPLETE,,,,,0.31506518448355336,0.39101102262553106,
ABC-embedded-tied,p1_0_10_30,25,0.013603757528458459,TrialState.COMPLETE,,,,,0.14003256380068219,0.3116896692046979,
ABC-embedded-tied,p1_0_10_30,26,0.003070133539254434,TrialState.COMPLETE,,,,,0.11502024792280964,0.18495194327398315,
ABC-embedded-tied,p1_0_10_30,27,0.007815141653035982,TrialState.COMPLETE,,,,,0.37120311925342353,0.4726884191666556,
ABC-embedded-tied,p1_0_10_30,28,0.0014617611275509015,TrialState.COMPLETE,,,,,0.10208765178104215,0.6090536089852353,
ABC-embedded-tied,p1_0_10_30,29,0.002669568523485867,TrialState.COMPLETE,,,,,0.24695606161019368,0.6946959779781202,
ABC-embedded-tied,p1_0_10_30,30,0.004264601675667622,TrialState.COMPLETE,,,,,0.35852266280056344,0.2700898209627771,
ABC-embedded-tied,p1_0_10_30,31,0.00850262891320599,TrialState.COMPLETE,,,,,0.20125483496433955,0.3939837857647003,
ABC-embedded-parallel,p1_0_10_30,0,0.003705692463281516,TrialState.COMPLETE,0.3745401188473625,0.9507143064099162,1.1266140008523318,,,,0.9305046995616021
ABC-embedded-parallel,p1_0_10_30,1,0.00423734150456644,TrialState.COMPLETE,0.15601864044243652,0.15599452033620265,0.1354291634239671,,,,1.3239686935631354
ABC-embedded-parallel,p1_0_10_30,2,0.0026113272242555955,TrialState.COMPLETE,0.6011150117432088,0.7080725777960455,0.08027559859919674,,,,1.4765398478820424
ABC-embedded-parallel,p1_0_10_30,3,0.004426147760041736,TrialState.COMPLETE,0.8324426408004217,0.21233911067827616,0.3174274938878061,,,,0.31975067941004887
ABC-embedded-parallel,p1_0_10_30,4,0.0064545354872375645,TrialState.COMPLETE,0.3042422429595377,0.5247564316322378,0.685303146796177,,,,0.478338749658916
ABC-embedded-parallel,p1_0_10_30,5,0.006243222513803151,TrialState.COMPLETE,0.6118528947223795,0.13949386065204183,0.4796852759583849,,,,0.5888436533941692
ABC-embedded-parallel,p1_0_10_30,6,0.002352322991531129,TrialState.COMPLETE,0.45606998421703593,0.7851759613930136,0.34367946535575983,,,,0.8063341231301764
ABC-embedded-parallel,p1_0_10_30,7,0.005306905147100093,TrialState.COMPLETE,0.5924145688620425,0.046450412719997725,0.943574736539785,,,,0.300806254749187
ABC-embedded-parallel,p1_0_10_30,8,0.0057527766617237,TrialState.COMPLETE,0.06505159298527952,0.9488855372533332,1.47024804728155,,,,1.2389878502004263
ABC-embedded-parallel,p1_0_10_30,9,0.004333281751355179,TrialState.COMPLETE,0.3046137691733707,0.09767211400638387,1.0563674220658354,,,,0.6973746710218193
ABC-embedded-parallel,p1_0_10_30,10,0.0031590543112457823,TrialState.COMPLETE,0.9512678728574567,0.47332732145466855,0.6824088841665173,,,,0.0764182606766236
ABC-embedded-parallel,p1_0_10_30,11,0.0028265020575391243,TrialState.COMPLETE,0.682300042347168,0.4028904446663975,0.6287386919777649,,,,0.5285382899021607
ABC-embedded-parallel,p1_0_10_30,12,0.00744072883754481,TrialState.COMPLETE,0.24633133103684926,0.3796042434202234,0.6277958475361529,,,,0.5309044840388968
ABC-embedded-parallel,p1_0_10_30,13,0.0015708046140059614,TrialState.COMPLETE,0.19240492937256676,0.4395241890426054,0.8151666660708565,,,,1.0039123110545343
ABC-embedded-parallel,p1_0_10_30,14,0.0041731726562011335,TrialState.COMPLETE,0.020082434683438066,0.5916836359300597,1.2596771045447486,,,,0.3652970142077449
ABC-embedded-parallel,p1_0_10_30,15,0.0038028206772927338,TrialState.COMPLETE,0.2626090919487703,0.3099489649156318,0.7104364457988592,,,,0.15376218064938763
ABC-embedded-parallel,p1_0_10_30,16,0.005090372112706605,TrialState.COMPLETE,0.4473318348932652,0.5731977332960048,0.5209283376137994,,,,0.5541879340100028
ABC-embedded-parallel,p1_0_10_30,17,0.0049770731140801406,TrialState.COMPLETE,0.15733966390405774,0.28876248649855873,0.8800733416074388,,,,0.4493793951751139
ABC-embedded-parallel,p1_0_10_30,18,0.004274395195812461,TrialState.COMPLETE,0.40016033919386834,0.5587148331602008,0.38310192281397104,,,,0.7286325430827032
ABC-embedded-parallel,p1_0_10_30,19,0.002235652537051185,TrialState.COMPLETE,0.2906241480356714,0.6985078622571533,0.7809408804501552,,,,0.9287351933660928
ABC-embedded-parallel,p1_0_10_30,20,0.004677834491403831,TrialState.COMPLETE,0.5217647778485234,0.3684870484498499,0.2160659071572359,,,,0.22479939732583437
ABC-embedded-parallel,p1_0_10_30,21,0.0023813720755937297,TrialState.COMPLETE,0.7411531911799476,0.2542844540565621,0.6279661612041265,,,,0.6006211743946233
ABC-embedded-parallel,p1_0_10_30,22,0.004306165507497902,TrialState.COMPLETE,0.9375611593660227,0.012844876783027703,0.4988546803531174,,,,0.4425538048622537
ABC-embedded-parallel,p1_0_10_30,23,0.0064670963529895,TrialState.COMPLETE,0.10268097382193236,0.49802394294331814,0.5204674062887323,,,,0.6596360909559346
ABC-embedded-parallel,p1_0_10_30,24,0.0047328433067444385,TrialState.COMPLETE,0.10897058844725886,0.49840959898427584,0.5398172377245841,,,,0.8089730262981639
ABC-embedded-parallel,p1_0_10_30,25,0.0020896456186542357,TrialState.COMPLETE,0.22648943479491052,0.6435804428544657,0.9701076215726442,,,,1.083177959414134
ABC-embedded-parallel,p1_0_10_30,26,0.006014161819725817,TrialState.COMPLETE,0.0032988834609298523,0.7817239324476365,0.7661270353337346,,,,0.6956751887736126
ABC-embedded-parallel,p1_0_10_30,27,0.012771096053470848,TrialState.COMPLETE,0.327490587642821,0.3340368559359648,0.4167534463812133,,,,0.4374562748319115
ABC-embedded-parallel,p1_0_10_30,28,0.009299543754873851,TrialState.COMPLETE,0.349013773651939,0.3541797762514821,0.2443097957927196,,,,0.376618664324808
ABC-embedded-parallel,p1_0_10_30,29,0.004279531785335363,TrialState.COMPLETE,0.39094945491945293,0.34962940658967717,0.18190299452143274,,,,0.18262766584728518
ABC-embedded-parallel,p1_0_10_30,30,0.014198159037468301,TrialState.COMPLETE,0.3485627943218816,0.20503260133953277,0.3657779073760694,,,,0.3784278913765508
ABC-embedded-parallel,p1_0_10_30,31,0.01128568991937841,TrialState.COMPLETE,0.3753222369553705,0.22804264011449313,0.2520863902802794,,,,0.3813630069181057
ABC-embedded-hierarchical,s0_s10_s30,0,0.22533464455361846,TrialState.COMPLETE,0.3745401188473625,0.9507143064099162,1.1266140008523318,0.9305046995616021,,,
ABC-embedded-hierarchical,s0_s10_s30,1,0.23806455045740887,TrialState.COMPLETE,0.15601864044243652,0.15599452033620265,0.1354291634239671,1.3239686935631354,,,
ABC-embedded-hierarchical,s0_s10_s30,2,0.21715220759838277,TrialState.COMPLETE,0.6011150117432088,0.7080725777960455,0.08027559859919674,1.4765398478820424,,,
ABC-embedded-hierarchical,s0_s10_s30,3,0.30139038368725146,TrialState.COMPLETE,0.8324426408004217,0.21233911067827616,0.3174274938878061,0.31975067941004887,,,
ABC-embedded-hierarchical,s0_s10_s30,4,0.21010727912838253,TrialState.COMPLETE,0.3042422429595377,0.5247564316322378,0.685303146796177,0.478338749658916,,,
ABC-embedded-hierarchical,s0_s10_s30,5,0.21391093719013213,TrialState.COMPLETE,0.6118528947223795,0.13949386065204183,0.4796852759583849,0.5888436533941692,,,
ABC-embedded-hierarchical,s0_s10_s30,6,0.29044247165390413,TrialState.COMPLETE,0.45606998421703593,0.7851759613930136,0.34367946535575983,0.8063341231301764,,,
ABC-embedded-hierarchical,s0_s10_s30,7,0.22434605921838174,TrialState.COMPLETE,0.5924145688620425,0.046450412719997725,0.943574736539785,0.300806254749187,,,
ABC-embedded-hierarchical,s0_s10_s30,8,0.11785021143544143,TrialState.COMPLETE,0.06505159298527952,0.9488855372533332,1.47024804728155,1.2389878502004263,,,
ABC-embedded-hierarchical,s0_s10_s30,9,0.23906962100393406,TrialState.COMPLETE,0.3046137691733707,0.09767211400638387,1.0563674220658354,0.6973746710218193,,,
ABC-embedded-hierarchical,s0_s10_s30,10,0.0393178091859989,TrialState.COMPLETE,0.9692904793777195,0.3637276736216311,1.4759916212381294,0.0764182606766236,,,
ABC-embedded-hierarchical,s0_s10_s30,11,0.26259336999323046,TrialState.COMPLETE,0.9816811221320247,0.690247073569145,0.42570530085563807,0.9678997593783178,,,
ABC-embedded-hierarchical,s0_s10_s30,12,0.28417539847374185,TrialState.COMPLETE,0.7836296211490166,0.3796042434202234,0.3647950607082075,0.06443681630879428,,,
ABC-embedded-hierarchical,s0_s10_s30,13,0.21799071519175,TrialState.COMPLETE,0.7982717060396434,0.6480557949785664,0.6672888667801651,0.8469015950428369,,,
ABC-embedded-hierarchical,s0_s10_s30,14,0.2875860750672862,TrialState.COMPLETE,0.4788092992509366,0.286915568291713,0.26083784345395244,0.3652970142077449,,,
ABC-embedded-hierarchical,s0_s10_s30,15,0.220213592846292,TrialState.COMPLETE,0.7914693322499522,0.8265437515266852,0.5440001103105572,0.7088262513785547,,,
ABC-embedded-hierarchical,s0_s10_s30,16,0.2836304890392164,TrialState.COMPLETE,0.7011625953937598,0.522866620136452,0.2421701718977582,1.097174336254989,,,
ABC-embedded-hierarchical,s0_s10_s30,17,0.2085471253445237,TrialState.COMPLETE,0.43231222688319937,0.25240211923275424,0.6944002410039931,0.23930615138687783,,,
ABC-embedded-hierarchical,s0_s10_s30,18,0.28860389715774315,TrialState.COMPLETE,0.20149745262531887,0.5455647593676348,0.28687444278573276,0.5047024633139656,,,
ABC-embedded-hierarchical,s0_s10_s30,19,0.22217223317785667,TrialState.COMPLETE,0.8856957622286561,0.8052880425801319,0.8373915591156113,0.7746142521987219,,,
ABC-embedded-hierarchical,s0_s10_s30,20,0.21015609813221992,TrialState.COMPLETE,0.5423476540773562,0.4001284162091241,0.5630383584082317,1.0636078530354494,,,
ABC-embedded-hierarchical,s0_s10_s30,21,0.27898864273746626,TrialState.COMPLETE,0.1870691442409972,0.4743645625038786,0.2385961028676002,0.5167754774494545,,,
ABC-embedded-hierarchical,s0_s10_s30,22,0.29362428237050775,TrialState.COMPLETE,0.010989189243771236,0.6159972634154067,0.34850640667992494,0.3935307612612164,,,
ABC-embedded-hierarchical,s0_s10_s30,23,0.20646087016760178,TrialState.COMPLETE,0.015510381994227218,0.8426174319389801,0.054513504797485735,0.22358435101885532,,,
ABC-embedded-hierarchical,s0_s10_s30,24,0.28484323412705914,TrialState.COMPLETE,0.6901124381270922,0.625997924826468,0.3612659304205626,0.3849861695865746,,,
ABC-embedded-hierarchical,s0_s10_s30,25,0.2080662396739265,TrialState.COMPLETE,0.30970077971671617,0.7326717816997529,0.5478402082754928,0.6075705262498226,,,
ABC-embedded-hierarchical,s0_s10_s30,26,0.26588574808257814,TrialState.COMPLETE,0.11246606190352432,0.26118311100563507,0.18424104644516692,0.18252241572297118,,,
ABC-embedded-hierarchical,s0_s10_s30,27,0.2604614694773675,TrialState.COMPLETE,0.8957337939099776,0.8998041574841644,0.42756362289899613,0.3924763764326099,,,
ABC-embedded-hierarchical,s0_s10_s30,28,0.3144827697460661,TrialState.COMPLETE,0.2449352776253491,0.6166132991383679,0.34451993337503867,0.14940011809266138,,,
ABC-embedded-hierarchical,s0_s10_s30,29,0.2751640619501067,TrialState.COMPLETE,0.0058304554768111305,0.5957669770597539,1.2542245499893991,0.18262766584728518,,,
ABC-embedded-hierarchical,s0_s10_s30,30,0.3237651287392487,TrialState.COMPLETE,0.2359108331050072,0.4365372006585365,0.6081092010198614,0.305679518708083,,,
ABC-embedded-hierarchical,s0_s10_s30,31,0.3098580033431523,TrialState.COMPLETE,0.23538518105211984,0.4422472694417514,0.7809523114285919,0.29780646636698377,,,
ABC-embedded-tied,s0_s10_s30,0,0.1087824897811845,TrialState.COMPLETE,,,,,0.3745401188473625,1.4483071096990625,
ABC-embedded-tied,s0_s10_s30,1,0.22547356361406778,TrialState.COMPLETE,,,,,0.7319939418114051,0.9305046995616021,
ABC-embedded-tied,s0_s10_s30,2,0.2709275727702561,TrialState.COMPLETE,,,,,0.15601864044243652,0.2794361675106186,
ABC-embedded-tied,s0_s10_s30,3,0.35682971996790763,TrialState.COMPLETE,,,,,0.05808361216819946,1.3239686935631354,
ABC-embedded-tied,s0_s10_s30,4,0.22620495658624762,TrialState.COMPLETE,,,,,0.6011150117432088,1.0914305465266174,
ABC-embedded-tied,s0_s10_s30,5,0.13320131723948103,TrialState.COMPLETE,,,,,0.020584494295802447,1.4765398478820424,
ABC-embedded-tied,s0_s10_s30,6,0.28629806718899187,TrialState.COMPLETE,,,,,0.8324426408004217,0.36230758402050356,
ABC-embedded-tied,s0_s10_s30,7,0.282272398948361,TrialState.COMPLETE,,,,,0.18182496720710062,0.31975067941004887,
ABC-embedded-tied,s0_s10_s30,8,0.21908658934999325,TrialState.COMPLETE,,,,,0.3042422429595377,0.8218098321066927,
ABC-embedded-tied,s0_s10_s30,9,0.21570424989113857,TrialState.COMPLETE,,,,,0.43194501864211576,0.478338749658916,
ABC-embedded-tied,s0_s10_s30,10,0.21125881717932082,TrialState.COMPLETE,,,,,0.9522541012238168,0.058820634662532845,
ABC-embedded-tied,s0_s10_s30,11,0.219384117727539,TrialState.COMPLETE,,,,,0.9695371107878658,0.7526282162139988,
ABC-embedded-tied,s0_s10_s30,12,0.22008483170065396,TrialState.COMPLETE,,,,,0.715169612196795,1.2124396614896749,
ABC-embedded-tied,s0_s10_s30,13,0.20971704998772317,TrialState.COMPLETE,,,,,0.5472678311199488,0.6254983319334895,
ABC-embedded-tied,s0_s10_s30,14,0.22614648226172368,TrialState.COMPLETE,,,,,0.8171981049955156,1.2367555050191386,
ABC-embedded-tied,s0_s10_s30,15,0.2155116385036517,TrialState.COMPLETE,,,,,0.039456736063834486,0.08730468628767024,
ABC-embedded-tied,s0_s10_s30,16,0.20358380032261741,TrialState.COMPLETE,,,,,0.5386104939214291,0.557660318374147,
ABC-embedded-tied,s0_s10_s30,17,0.2616482479878097,TrialState.COMPLETE,,,,,0.23576877834531998,1.0073704414978093,
ABC-embedded-tied,s0_s10_s30,18,0.22542597844597292,TrialState.COMPLETE,,,,,0.8597199603041552,1.2933646569991364,
ABC-embedded-tied,s0_s10_s30,19,0.28215867569986386,TrialState.COMPLETE,,,,,0.6433753799381057,0.3652970142077449,
ABC-embedded-tied,s0_s10_s30,20,0.22104570954426367,TrialState.COMPLETE,,,,,0.45661749490605236,0.8262552572284476,
ABC-embedded-tied,s0_s10_s30,21,0.2751984412782636,TrialState.COMPLETE,,,,,0.14453498735211712,0.23990986193856556,
ABC-embedded-tied,s0_s10_s30,22,0.27731633268407885,TrialState.COMPLETE,,,,,0.10949201917650596,0.39460617745580007,
ABC-embedded-tied,s0_s10_s30,23,0.26887985844286794,TrialState.COMPLETE,,,,,0.20809611239458475,0.20104324746600444,
ABC-embedded-tied,s0_s10_s30,24,0.23021532173457868,TrialState.COMPLETE,,,,,0.3287986121882558,0.6177326157286547,
ABC-embedded-tied,s0_s10_s30,25,0.31748085828162775,TrialState.COMPLETE,,,,,0.004933997411384006,0.4575678542928632,
ABC-embedded-tied,s0_s10_s30,26,0.3656537951678115,TrialState.COMPLETE,,,,,0.07144577798314707,0.47755913302778935,
ABC-embedded-tied,s0_s10_s30,27,0.37087633517810537,TrialState.COMPLETE,,,,,0.07957221484919925,0.7286325430827032,
ABC-embedded-tied,s0_s10_s30,28,0.3626177268606374,TrialState.COMPLETE,,,,,0.08120875872210528,0.682061098641227,
ABC-embedded-tied,s0_s10_s30,29,0.2190268694295839,TrialState.COMPLETE,,,,,0.26538342987807045,0.7265268112102251,
ABC-embedded-tied,s0_s10_s30,30,0.3743832995245961,TrialState.COMPLETE,,,,,0.07445104261012839,0.6943060875540987,
ABC-embedded-tied,s0_s10_s30,31,0.37228053188311244,TrialState.COMPLETE,,,,,0.07234028289348726,0.6853066398960457,
ABC-embedded-parallel,s0_s10_s30,0,0.1897718272031607,TrialState.COMPLETE,0.3745401188473625,0.9507143064099162,1.1266140008523318,,,,0.9305046995616021
ABC-embedded-parallel,s0_s10_s30,1,0.32741846194591934,TrialState.COMPLETE,0.15601864044243652,0.15599452033620265,0.1354291634239671,,,,1.3239686935631354
ABC-embedded-parallel,s0_s10_s30,2,0.09670175082999294,TrialState.COMPLETE,0.6011150117432088,0.7080725777960455,0.08027559859919674,,,,1.4765398478820424
ABC-embedded-parallel,s0_s10_s30,3,0.3092426308263361,TrialState.COMPLETE,0.8324426408004217,0.21233911067827616,0.3174274938878061,,,,0.31975067941004887
ABC-embedded-parallel,s0_s10_s30,4,0.2197571478816068,TrialState.COMPLETE,0.3042422429595377,0.5247564316322378,0.685303146796177,,,,0.478338749658916
ABC-embedded-parallel,s0_s10_s30,5,0.22307251906177616,TrialState.COMPLETE,0.6118528947223795,0.13949386065204183,0.4796852759583849,,,,0.5888436533941692
ABC-embedded-parallel,s0_s10_s30,6,0.22563981454150828,TrialState.COMPLETE,0.45606998421703593,0.7851759613930136,0.34367946535575983,,,,0.8063341231301764
ABC-embedded-parallel,s0_s10_s30,7,0.2273128012145559,TrialState.COMPLETE,0.5924145688620425,0.046450412719997725,0.943574736539785,,,,0.300806254749187
ABC-embedded-parallel,s0_s10_s30,8,0.0038336453384898777,TrialState.COMPLETE,0.06505159298527952,0.9488855372533332,1.47024804728155,,,,1.2389878502004263
ABC-embedded-parallel,s0_s10_s30,9,0.24806200974728848,TrialState.COMPLETE,0.3046137691733707,0.09767211400638387,1.0563674220658354,,,,0.6973746710218193
ABC-embedded-parallel,s0_s10_s30,10,0.026888129646897733,TrialState.COMPLETE,0.9516741169919208,0.3637276736216311,1.4759916212381294,,,,0.0764182606766236
ABC-embedded-parallel,s0_s10_s30,11,0.2372471608219882,TrialState.COMPLETE,0.953647979503124,0.29708337146146024,0.06414551779432281,,,,1.194467535987962
ABC-embedded-parallel,s0_s10_s30,12,0.2320065250425914,TrialState.COMPLETE,0.04826475286390343,0.2828794391744267,0.3004543902434944,,,,1.075374334482007
ABC-embedded-parallel,s0_s10_s30,13,0.11120501947270925,TrialState.COMPLETE,0.7897237476660546,0.45111673657466433,0.5718568116000182,,,,1.4260209708299016
ABC-embedded-parallel,s0_s10_s30,14,0.2840502121816511,TrialState.COMPLETE,0.18738574019242682,0.2003232891817793,0.2602136710242119,,,,0.06403603205035657
ABC-embedded-parallel,s0_s10_s30,15,0.22602472487172434,TrialState.COMPLETE,0.7771821978619937,0.014943305235563198,0.7393699142898362,,,,0.4537114904642682
ABC-embedded-parallel,s0_s10_s30,16,0.32021649861368673,TrialState.COMPLETE,0.7719240123800712,0.20805121770828008,0.182913447840578,,,,0.2993492084858659
ABC-embedded-parallel,s0_s10_s30,17,0.22384510442522382,TrialState.COMPLETE,0.17120389847760842,0.5200965234133735,0.05362544477121284,,,,0.9816863866423904
ABC-embedded-parallel,s0_s10_s30,18,0.20724441296093313,TrialState.COMPLETE,0.4968966630789066,0.3856220838738199,0.21762396841064008,,,,0.7286325430827032
ABC-embedded-parallel,s0_s10_s30,19,0.24393416145668065,TrialState.COMPLETE,0.6833525093069589,0.17189992383687946,0.4661855487706043,,,,1.3437329324269895
ABC-embedded-parallel,s0_s10_s30,20,0.28918808435799365,TrialState.COMPLETE,0.19235987858839565,0.6184046170093229,0.15639782235904476,,,,0.29349957053943604
ABC-embedded-parallel,s0_s10_s30,21,0.25675813150580734,TrialState.COMPLETE,0.8465488781139331,0.2305472465267237,0.3372482101878381,,,,0.2424622764687121
ABC-embedded-parallel,s0_s10_s30,22,0.21058523735296286,TrialState.COMPLETE,0.8568366498150893,0.29405149373954526,0.4425610581604986,,,,0.4289821516980898
ABC-embedded-parallel,s0_s10_s30,23,0.2848802167160652,TrialState.COMPLETE,0.9955938473735886,0.12854358947028682,0.18882682109274215,,,,0.19238022514211828
ABC-embedded-parallel,s0_s10_s30,24,0.23635162344649982,TrialState.COMPLETE,0.7147510451088632,0.00566249141318248,0.6331047187786096,,,,0.5732781462515787
ABC-embedded-parallel,s0_s10_s30,25,0.22941418515249545,TrialState.COMPLETE,0.869075311231407,0.23207858002517656,0.4102470909349265,,,,0.3636963466128175
ABC-embedded-parallel,s0_s10_s30,26,0.27684034167396937,TrialState.COMPLETE,0.5417235385248699,0.3746711315148511,0.17396086261568733,,,,0.15584026381734734
ABC-embedded-parallel,s0_s10_s30,27,0.23816887113575316,TrialState.COMPLETE,0.7018903296477517,0.10831549370280116,0.5522981944304521,,,,0.8332954130511712
ABC-embedded-parallel,s0_s10_s30,28,0.22678263595224135,TrialState.COMPLETE,0.43698242955144706,0.26407036646237003,0.8597755185286119,,,,0.5746388883997888
ABC-embedded-parallel,s0_s10_s30,29,0.11142001689875038,TrialState.COMPLETE,0.31495937898717863,0.34910396732929994,1.2542245499893991,,,,1.1304903664530677
ABC-embedded-parallel,s0_s10_s30,30,0.31792911631907683,TrialState.COMPLETE,0.3992946483188063,0.07568077752087615,0.33120067321596136,,,,0.9527067581564866
ABC-embedded-parallel,s0_s10_s30,31,0.34442975053692404,TrialState.COMPLETE,0.1118037421852931,0.07415463393802774,0.33977943380614395,,,,0.96741803621035
